-- MariaDB dump 10.19  Distrib 10.4.28-MariaDB, for Win64 (AMD64)
--
-- Host: localhost    Database: associacao_40ribas
-- ------------------------------------------------------
-- Server version	8.0.31

/*!40101 SET @OLD_CHARACTER_SET_CLIENT=@@CHARACTER_SET_CLIENT */;
/*!40101 SET @OLD_CHARACTER_SET_RESULTS=@@CHARACTER_SET_RESULTS */;
/*!40101 SET @OLD_COLLATION_CONNECTION=@@COLLATION_CONNECTION */;
/*!40101 SET NAMES utf8mb4 */;
/*!40103 SET @OLD_TIME_ZONE=@@TIME_ZONE */;
/*!40103 SET TIME_ZONE='+00:00' */;
/*!40014 SET @OLD_UNIQUE_CHECKS=@@UNIQUE_CHECKS, UNIQUE_CHECKS=0 */;
/*!40014 SET @OLD_FOREIGN_KEY_CHECKS=@@FOREIGN_KEY_CHECKS, FOREIGN_KEY_CHECKS=0 */;
/*!40101 SET @OLD_SQL_MODE=@@SQL_MODE, SQL_MODE='NO_AUTO_VALUE_ON_ZERO' */;
/*!40111 SET @OLD_SQL_NOTES=@@SQL_NOTES, SQL_NOTES=0 */;

--
-- Table structure for table `config_admin`
--

DROP TABLE IF EXISTS `config_admin`;
/*!40101 SET @saved_cs_client     = @@character_set_client */;
/*!40101 SET character_set_client = utf8 */;
CREATE TABLE `config_admin` (
  `id` int NOT NULL,
  `id_admin` varchar(15) CHARACTER SET utf8mb4 COLLATE utf8mb4_0900_ai_ci NOT NULL,
  `data_alteracao` datetime NOT NULL DEFAULT CURRENT_TIMESTAMP,
  `logo` varchar(150) CHARACTER SET utf8mb4 COLLATE utf8mb4_unicode_ci NOT NULL,
  `razao` varchar(50) CHARACTER SET utf8mb4 COLLATE utf8mb4_unicode_ci NOT NULL,
  `cnpj` varchar(20) CHARACTER SET utf8mb4 COLLATE utf8mb4_unicode_ci NOT NULL,
  `uf` varchar(15) CHARACTER SET utf8mb4 COLLATE utf8mb4_unicode_ci NOT NULL,
  `cep` varchar(20) CHARACTER SET utf8mb4 COLLATE utf8mb4_unicode_ci NOT NULL,
  `cid` varchar(50) CHARACTER SET utf8mb4 COLLATE utf8mb4_unicode_ci NOT NULL,
  `rua` varchar(50) CHARACTER SET utf8mb4 COLLATE utf8mb4_unicode_ci NOT NULL,
  `numero` varchar(15) CHARACTER SET utf8mb4 COLLATE utf8mb4_unicode_ci NOT NULL,
  `bairro` varchar(50) CHARACTER SET utf8mb4 COLLATE utf8mb4_unicode_ci NOT NULL,
  `presidente` varchar(150) CHARACTER SET utf8mb4 COLLATE utf8mb4_unicode_ci NOT NULL,
  `vice_presidente` varchar(150) CHARACTER SET utf8mb4 COLLATE utf8mb4_unicode_ci NOT NULL,
  `nome_tesoureiro` varchar(30) CHARACTER SET utf8mb4 COLLATE utf8mb4_unicode_ci NOT NULL,
  `email_suporte` varchar(100) CHARACTER SET utf8mb4 COLLATE utf8mb4_unicode_ci NOT NULL,
  `senha` varchar(100) CHARACTER SET utf8mb4 COLLATE utf8mb4_unicode_ci NOT NULL,
  `idade_minima` int NOT NULL,
  `termos_insc` text CHARACTER SET utf8mb4 COLLATE utf8mb4_unicode_ci NOT NULL,
  `estatuto_int` text CHARACTER SET utf8mb4 COLLATE utf8mb4_unicode_ci NOT NULL,
  `validade_insc` int NOT NULL,
  `reg_int` text CHARACTER SET utf8mb4 COLLATE utf8mb4_unicode_ci NOT NULL,
  `dia_fecha_mes` int NOT NULL,
  `valor_mensalidades` int NOT NULL,
  `desconto_mensalidades` int NOT NULL,
  `multa` int NOT NULL,
  `joia` int NOT NULL,
  `parcela_joia` int NOT NULL,
  `meses_vence3` int NOT NULL,
  `meses_vence5` int NOT NULL,
  PRIMARY KEY (`id`)
) ENGINE=MyISAM DEFAULT CHARSET=utf8mb4 COLLATE=utf8mb4_0900_ai_ci;
/*!40101 SET character_set_client = @saved_cs_client */;

--
-- Dumping data for table `config_admin`
--

LOCK TABLES `config_admin` WRITE;
/*!40000 ALTER TABLE `config_admin` DISABLE KEYS */;
INSERT INTO `config_admin` VALUES (1,'1','2023-10-09 08:36:35','','','','','','','','','','','','apelido','','',0,'','',0,'',0,0,0,0,0,0,0,0);
/*!40000 ALTER TABLE `config_admin` ENABLE KEYS */;
UNLOCK TABLES;

--
-- Table structure for table `em_votacao`
--

DROP TABLE IF EXISTS `em_votacao`;
/*!40101 SET @saved_cs_client     = @@character_set_client */;
/*!40101 SET character_set_client = utf8 */;
CREATE TABLE `em_votacao` (
  `id` int NOT NULL AUTO_INCREMENT,
  `id_socio` int NOT NULL,
  `id_inscrito` int NOT NULL,
  `admin` varchar(20) NOT NULL,
  `voto` varchar(5) NOT NULL,
  PRIMARY KEY (`id`)
) ENGINE=MyISAM DEFAULT CHARSET=utf8mb4 COLLATE=utf8mb4_0900_ai_ci;
/*!40101 SET character_set_client = @saved_cs_client */;

--
-- Dumping data for table `em_votacao`
--

LOCK TABLES `em_votacao` WRITE;
/*!40000 ALTER TABLE `em_votacao` DISABLE KEYS */;
/*!40000 ALTER TABLE `em_votacao` ENABLE KEYS */;
UNLOCK TABLES;

--
-- Table structure for table `historico_config_admin`
--

DROP TABLE IF EXISTS `historico_config_admin`;
/*!40101 SET @saved_cs_client     = @@character_set_client */;
/*!40101 SET character_set_client = utf8 */;
CREATE TABLE `historico_config_admin` (
  `id` int NOT NULL,
  `id_admin` varchar(50) CHARACTER SET utf8mb4 COLLATE utf8mb4_0900_ai_ci NOT NULL,
  `data_alteracao` datetime NOT NULL DEFAULT CURRENT_TIMESTAMP,
  `logo` varchar(150) CHARACTER SET utf8mb4 COLLATE utf8mb4_unicode_ci NOT NULL,
  `razao` varchar(50) CHARACTER SET utf8mb4 COLLATE utf8mb4_unicode_ci NOT NULL,
  `cnpj` varchar(20) NOT NULL,
  `uf` varchar(30) CHARACTER SET utf8mb4 COLLATE utf8mb4_unicode_ci NOT NULL,
  `cep` varchar(20) NOT NULL,
  `cid` varchar(50) CHARACTER SET utf8mb4 COLLATE utf8mb4_unicode_ci NOT NULL,
  `rua` varchar(50) CHARACTER SET utf8mb4 COLLATE utf8mb4_unicode_ci NOT NULL,
  `numero` varchar(20) CHARACTER SET utf8mb4 COLLATE utf8mb4_unicode_ci NOT NULL,
  `bairro` varchar(50) CHARACTER SET utf8mb4 COLLATE utf8mb4_unicode_ci NOT NULL,
  `presidente` varchar(150) CHARACTER SET utf8mb4 COLLATE utf8mb4_unicode_ci NOT NULL,
  `vice_presidente` varchar(150) CHARACTER SET utf8mb4 COLLATE utf8mb4_unicode_ci NOT NULL,
  `nome_tesoureiro` varchar(150) NOT NULL,
  `email_suporte` varchar(100) CHARACTER SET utf8mb4 COLLATE utf8mb4_unicode_ci NOT NULL,
  `senha` varchar(100) CHARACTER SET utf8mb4 COLLATE utf8mb4_unicode_ci NOT NULL,
  `idade_minima` int NOT NULL,
  `termos_insc` text NOT NULL,
  `estatuto_int` text NOT NULL,
  `validade_insc` int NOT NULL,
  `reg_int` text NOT NULL,
  `dia_fecha_mes` int NOT NULL,
  `valor_mensalidades` varchar(15) CHARACTER SET utf8mb4 COLLATE utf8mb4_0900_ai_ci NOT NULL,
  `desconto_mensalidades` int NOT NULL,
  `multa` int NOT NULL,
  `joia` int NOT NULL,
  `parcela_joia` int NOT NULL,
  `meses_vence3` int NOT NULL,
  `meses_vence5` int NOT NULL,
  PRIMARY KEY (`id`)
) ENGINE=MyISAM DEFAULT CHARSET=utf8mb4 COLLATE=utf8mb4_0900_ai_ci;
/*!40101 SET character_set_client = @saved_cs_client */;

--
-- Dumping data for table `historico_config_admin`
--

LOCK TABLES `historico_config_admin` WRITE;
/*!40000 ALTER TABLE `historico_config_admin` DISABLE KEYS */;
INSERT INTO `historico_config_admin` VALUES (1,'1','2023-10-09 08:36:35','','','','','','','','','','','','apelido','','',0,'','',0,'',0,'',0,0,0,0,0,0);
/*!40000 ALTER TABLE `historico_config_admin` ENABLE KEYS */;
UNLOCK TABLES;

--
-- Table structure for table `historico_joias_receber`
--

DROP TABLE IF EXISTS `historico_joias_receber`;
/*!40101 SET @saved_cs_client     = @@character_set_client */;
/*!40101 SET character_set_client = utf8 */;
CREATE TABLE `historico_joias_receber` (
  `id` int NOT NULL AUTO_INCREMENT,
  `data` date NOT NULL,
  `admin` varchar(100) NOT NULL,
  `id_socio` int NOT NULL,
  `apelido` varchar(100) NOT NULL,
  `nome_completo` varchar(150) NOT NULL,
  `celular1` varchar(50) NOT NULL,
  `celular2` varchar(50) NOT NULL,
  `email` varchar(150) NOT NULL,
  `valor` varchar(15) NOT NULL,
  `entrada` int NOT NULL,
  `restante` int NOT NULL,
  `num_parcela` int NOT NULL,
  `qt_parcelas` int NOT NULL,
  `valor_parcelas` int NOT NULL,
  `vencimento` date NOT NULL,
  `desconto_parcela` int NOT NULL,
  `recebido` int NOT NULL,
  `data_recebeu` date NOT NULL,
  `a_receber` varchar(15) NOT NULL,
  `status_pagamento` varchar(15) NOT NULL,
  PRIMARY KEY (`id`)
) ENGINE=MyISAM DEFAULT CHARSET=utf8mb4 COLLATE=utf8mb4_0900_ai_ci;
/*!40101 SET character_set_client = @saved_cs_client */;

--
-- Dumping data for table `historico_joias_receber`
--

LOCK TABLES `historico_joias_receber` WRITE;
/*!40000 ALTER TABLE `historico_joias_receber` DISABLE KEYS */;
/*!40000 ALTER TABLE `historico_joias_receber` ENABLE KEYS */;
UNLOCK TABLES;

--
-- Table structure for table `historico_mensalidades`
--

DROP TABLE IF EXISTS `historico_mensalidades`;
/*!40101 SET @saved_cs_client     = @@character_set_client */;
/*!40101 SET character_set_client = utf8 */;
CREATE TABLE `historico_mensalidades` (
  `id` int NOT NULL AUTO_INCREMENT,
  `id_socio` int NOT NULL,
  `data` date NOT NULL,
  `admin` varchar(50) NOT NULL,
  `apelido` varchar(20) NOT NULL,
  `nome_completo` varchar(150) NOT NULL,
  `status` varchar(20) NOT NULL,
  `mensalidade_dia` int NOT NULL,
  `mensalidade_mes` int NOT NULL,
  `mensalidade_ano` int NOT NULL,
  `valor_mensalidade` int NOT NULL,
  `data_vencimento` date NOT NULL,
  `desconto_mensalidade` int NOT NULL,
  `multa_mensalidade` int NOT NULL,
  `valor_receber` int NOT NULL,
  `valor_recebido` int NOT NULL,
  `data_recebida` date NOT NULL,
  `restante` int NOT NULL,
  `status_pagamento` varchar(15) CHARACTER SET utf8mb4 COLLATE utf8mb4_0900_ai_ci NOT NULL,
  PRIMARY KEY (`id`)
) ENGINE=MyISAM AUTO_INCREMENT=283 DEFAULT CHARSET=utf8mb4 COLLATE=utf8mb4_0900_ai_ci;
/*!40101 SET character_set_client = @saved_cs_client */;

--
-- Dumping data for table `historico_mensalidades`
--

LOCK TABLES `historico_mensalidades` WRITE;
/*!40000 ALTER TABLE `historico_mensalidades` DISABLE KEYS */;
INSERT INTO `historico_mensalidades` VALUES (5,271,'2023-10-10','Jones','','PEDRO HENRIQUE SANTOS GARCIA','ATIVO',10,10,2023,0,'2023-11-10',0,0,0,0,'0000-00-00',0,''),(4,1,'2023-10-10','Jones','Jones','','ATIVO',10,10,2023,0,'2023-11-10',0,0,0,0,'0000-00-00',0,''),(6,270,'2023-10-10','Jones','','PAULO SERGIO BELLO','ATIVO',10,10,2023,0,'2023-11-10',0,0,0,0,'0000-00-00',0,''),(7,269,'2023-10-10','Jones','','OSVALDO DO CARMO ROSA','ATIVO',10,10,2023,0,'2023-11-10',0,0,0,0,'0000-00-00',0,''),(8,266,'2023-10-10','Jones','RICARDO','NAZARENO RICARDO REIS FRAGA ','ATIVO',10,10,2023,0,'2023-11-10',0,0,0,0,'0000-00-00',0,''),(9,264,'2023-10-10','Jones','GOLEIRO','MIGUEL ALMEIDA DE SOUZA DA CRUZ','ATIVO',10,10,2023,0,'2023-11-10',0,0,0,0,'0000-00-00',0,''),(10,262,'2023-10-10','Jones','PROFESSOR','MAXIMO FONTEBASSE FERREIRA ','ATIVO',10,10,2023,0,'2023-11-10',0,0,0,0,'0000-00-00',0,''),(11,261,'2023-10-10','Jones','MAX','MAXIMIANO GALVÃO NEVES ','ATIVO',10,10,2023,0,'2023-11-10',0,0,0,0,'0000-00-00',0,''),(12,260,'2023-10-10','Jones','GOLEIRO','MAURO CESAR DE OLIVEIRA FERRAZ','ATIVO',10,10,2023,0,'2023-11-10',0,0,0,0,'0000-00-00',0,''),(13,258,'2023-10-10','Jones','TOMATINHO','MARCOS GOMES DA SILVA JUNIOR','ATIVO',10,10,2023,0,'2023-11-10',0,0,0,0,'0000-00-00',0,''),(14,256,'2023-10-10','Jones','','MARCOS ANTONIO SCAVASSA','ATIVO',10,10,2023,0,'2023-11-10',0,0,0,0,'0000-00-00',0,''),(15,255,'2023-10-10','Jones','','MARCO JOSE TEIXEIRA','ATIVO',10,10,2023,0,'2023-11-10',0,0,0,0,'0000-00-00',0,''),(16,254,'2023-10-10','Jones','','MARCO AURELIO RAMOS','ATIVO',10,10,2023,0,'2023-11-10',0,0,0,0,'0000-00-00',0,''),(17,252,'2023-10-10','Jones','ROCHINHA','MARCO ANTONIO ROCHA','ATIVO',10,10,2023,0,'2023-11-10',0,0,0,0,'0000-00-00',0,''),(18,251,'2023-10-10','Jones','MARQUINHO GOLEIRO','MARCO ANTONIO BARBOSA NEVES','ATIVO',10,10,2023,0,'2023-11-10',0,0,0,0,'0000-00-00',0,''),(19,249,'2023-10-10','Jones','MARCINHO','MARCIO ALENCAR AZEVEDO ','ATIVO',10,10,2023,0,'2023-11-10',0,0,0,0,'0000-00-00',0,''),(20,247,'2023-10-10','Jones','','LUIZ MARCOS SANTOS DOMINGOS','ATIVO',10,10,2023,0,'2023-11-10',0,0,0,0,'0000-00-00',0,''),(21,246,'2023-10-10','Jones','','LUCIANO GONÇALVES ROCHA','ATIVO',10,10,2023,0,'2023-11-10',0,0,0,0,'0000-00-00',0,''),(22,244,'2023-10-10','Jones','TOTA','LEANDRO SOUZA DA SILVA','ATIVO',10,10,2023,0,'2023-11-10',0,0,0,0,'0000-00-00',0,''),(23,243,'2023-10-10','Jones','NEGUINHO','LEANDRO APARECIDO DE OLIVEIRA','ATIVO',10,10,2023,0,'2023-11-10',0,0,0,0,'0000-00-00',0,''),(24,242,'2023-10-10','Jones','PTIBULL','LAÉRCIO MARTINS ','ATIVO',10,10,2023,0,'2023-11-10',0,0,0,0,'0000-00-00',0,''),(25,236,'2023-10-10','Jones','','JOSÉ CARLOS DOS SANTOS','ATIVO',10,10,2023,0,'2023-11-10',0,0,0,0,'0000-00-00',0,''),(26,235,'2023-10-10','Jones','LINCOLH','JOSE ANTONIO DIAS','ATIVO',10,10,2023,0,'2023-11-10',0,0,0,0,'0000-00-00',0,''),(27,233,'2023-10-10','Jones','BATATA','JONES RODRIGUES DOS SANTOS','ATIVO',10,10,2023,0,'2023-11-10',0,0,0,0,'0000-00-00',0,''),(28,232,'2023-10-10','Jones','BICUDO','JOÃO NILSON','ATIVO',10,10,2023,0,'2023-11-10',0,0,0,0,'0000-00-00',0,''),(29,231,'2023-10-10','Jones','','JOÃO CARLOS RODRIGUES DE SOUZA','ATIVO',10,10,2023,0,'2023-11-10',0,0,0,0,'0000-00-00',0,''),(30,230,'2023-10-10','Jones','PAQUINHA','JOÃO BATISTA DO NASCIMENTO ','ATIVO',10,10,2023,0,'2023-11-10',0,0,0,0,'0000-00-00',0,''),(31,227,'2023-10-10','Jones','','JEOVA DA SILVA VRADO','ATIVO',10,10,2023,0,'2023-11-10',0,0,0,0,'0000-00-00',0,''),(32,226,'2023-10-10','Jones','','JAIR JOAQUIM JOSÉ ARAUJO','ATIVO',10,10,2023,0,'2023-11-10',0,0,0,0,'0000-00-00',0,''),(33,225,'2023-10-10','Jones','','JAIR ARCE VASQUE','ATIVO',10,10,2023,0,'2023-11-10',0,0,0,0,'0000-00-00',0,''),(34,224,'2023-10-10','Jones','CARATE','JACSON SALES DE SOUZA ','ATIVO',10,10,2023,0,'2023-11-10',0,0,0,0,'0000-00-00',0,''),(35,223,'2023-10-10','Jones','','JACKSON ROBERTO COLLIS','ATIVO',10,10,2023,0,'2023-11-10',0,0,0,0,'0000-00-00',0,''),(36,221,'2023-10-10','Jones','','IVO DOS SANTOS CARVALHO','ATIVO',10,10,2023,0,'2023-11-10',0,0,0,0,'0000-00-00',0,''),(37,219,'2023-10-10','Jones','','HUMBERTO URBIETA NOGUEIRA','ATIVO',10,10,2023,0,'2023-11-10',0,0,0,0,'0000-00-00',0,''),(38,218,'2023-10-10','Jones','CANHOTO','HERMINIO AMANCIO DA SILVA','ATIVO',10,10,2023,0,'2023-11-10',0,0,0,0,'0000-00-00',0,''),(39,217,'2023-10-10','Jones','LÉO','HÉLIO ALVINO DA SILVA','ATIVO',10,10,2023,0,'2023-11-10',0,0,0,0,'0000-00-00',0,''),(40,213,'2023-10-10','Jones','','FREDINALDO DE SOUZA','ATIVO',10,10,2023,0,'2023-11-10',0,0,0,0,'0000-00-00',0,''),(41,211,'2023-10-10','Jones','GOLEIRO','FELIPE RODRIGUES SOARES ','ATIVO',10,10,2023,0,'2023-11-10',0,0,0,0,'0000-00-00',0,''),(42,208,'2023-10-10','Jones','BIM','EWESON LUIZ CARNEIRO MARDEGAN','ATIVO',10,10,2023,0,'2023-11-10',0,0,0,0,'0000-00-00',0,''),(43,205,'2023-10-10','Jones','','ELEANDRO DE LIMA','ATIVO',10,10,2023,0,'2023-11-10',0,0,0,0,'0000-00-00',0,''),(44,203,'2023-10-10','Jones','GALILSO','EDIMILSOM MOREIRA DA CRUZ','ATIVO',10,10,2023,0,'2023-11-10',0,0,0,0,'0000-00-00',0,''),(45,202,'2023-10-10','Jones','','EDILSON MARIA','ATIVO',10,10,2023,0,'2023-11-10',0,0,0,0,'0000-00-00',0,''),(46,201,'2023-10-10','Jones','GOLEIRO','EDILSON MACEDO DOS SANTOS','ATIVO',10,10,2023,0,'2023-11-10',0,0,0,0,'0000-00-00',0,''),(47,200,'2023-10-10','Jones','PROFESSOR','DURCIVAL JORGE','ATIVO',10,10,2023,0,'2023-11-10',0,0,0,0,'0000-00-00',0,''),(48,198,'2023-10-10','Jones','GOLEIRO','DOUGLAS DA SILVA CRUZ','ATIVO',10,10,2023,0,'2023-11-10',0,0,0,0,'0000-00-00',0,''),(49,197,'2023-10-10','Jones','','DONIZETE CARLOS ALVES','ATIVO',10,10,2023,0,'2023-11-10',0,0,0,0,'0000-00-00',0,''),(50,196,'2023-10-10','Jones','','DJAMIRO CRUZ','ATIVO',10,10,2023,0,'2023-11-10',0,0,0,0,'0000-00-00',0,''),(51,195,'2023-10-10','Jones','','DAVID SANTOS DE CARVALHO','ATIVO',10,10,2023,0,'2023-11-10',0,0,0,0,'0000-00-00',0,''),(52,194,'2023-10-10','Jones','','DAVI LIMA DE CAMPOS JUNIOR','ATIVO',10,10,2023,0,'2023-11-10',0,0,0,0,'0000-00-00',0,''),(53,192,'2023-10-10','Jones','','DAMERSON VIEIRA CORREIA ','ATIVO',10,10,2023,0,'2023-11-10',0,0,0,0,'0000-00-00',0,''),(54,190,'2023-10-10','Jones','GOLEIRO','COSTINHA','ATIVO',10,10,2023,0,'2023-11-10',0,0,0,0,'0000-00-00',0,''),(55,189,'2023-10-10','Jones','','COSMO REGINALDO VICENTE DA SILVA','ATIVO',10,10,2023,0,'2023-11-10',0,0,0,0,'0000-00-00',0,''),(56,188,'2023-10-10','Jones','','CLEBER CARVALHO FLORES','ATIVO',10,10,2023,0,'2023-11-10',0,0,0,0,'0000-00-00',0,''),(57,185,'2023-10-10','Jones','','CICERO ALVES RIBEIRO','ATIVO',10,10,2023,0,'2023-11-10',0,0,0,0,'0000-00-00',0,''),(58,184,'2023-10-10','Jones','','CEZAR BENITEZ','ATIVO',10,10,2023,0,'2023-11-10',0,0,0,0,'0000-00-00',0,''),(59,182,'2023-10-10','Jones','TECA','CELSO MATOSO DE FREITAS ','ATIVO',10,10,2023,0,'2023-11-10',0,0,0,0,'0000-00-00',0,''),(60,179,'2023-10-10','Jones','LOBOZINHO','ATAIR APARECIDO GONÇAVES','ATIVO',10,10,2023,0,'2023-11-10',0,0,0,0,'0000-00-00',0,''),(61,178,'2023-10-10','Jones','PAJÉ','ATAIDE NASCIMENTO MARTINS','ATIVO',10,10,2023,0,'2023-11-10',0,0,0,0,'0000-00-00',0,''),(62,177,'2023-10-10','Jones','','ATAIDE FELICIANO','ATIVO',10,10,2023,0,'2023-11-10',0,0,0,0,'0000-00-00',0,''),(63,176,'2023-10-10','Jones','DIEGO','ARNALDO DIEGO BRAGA VALENSUELA','ATIVO',10,10,2023,0,'2023-11-10',0,0,0,0,'0000-00-00',0,''),(64,175,'2023-10-10','Jones','SCHUMACHER','ARIOVALDO MARTINS NEVES','ATIVO',10,10,2023,0,'2023-11-10',0,0,0,0,'0000-00-00',0,''),(65,174,'2023-10-10','Jones','PARAGUAIO','ARIOVALDO BARROS MARTINS','ATIVO',10,10,2023,0,'2023-11-10',0,0,0,0,'0000-00-00',0,''),(66,173,'2023-10-10','Jones','','AQUINO FELICIANO','ATIVO',10,10,2023,0,'2023-11-10',0,0,0,0,'0000-00-00',0,''),(67,172,'2023-10-10','Jones','PROFESSOR','APARECIDO DE SOUZA','ATIVO',10,10,2023,0,'2023-11-10',0,0,0,0,'0000-00-00',0,''),(68,170,'2023-10-10','Jones','SERGINHO','ANTONIO SERGIO PEREIRA','ATIVO',10,10,2023,0,'2023-11-10',0,0,0,0,'0000-00-00',0,''),(69,169,'2023-10-10','Jones','PAULO DA FAZ','ANTONIO PAULO DA SILVA','ATIVO',10,10,2023,0,'2023-11-10',0,0,0,0,'0000-00-00',0,''),(70,166,'2023-10-10','Jones','LEITEIRO','ANTONIO CELSO RODRIGUES DA SILVA JUNIOR','ATIVO',10,10,2023,0,'2023-11-10',0,0,0,0,'0000-00-00',0,''),(71,165,'2023-10-10','Jones','BUGÃO','ANTONIO ALMEIDA CORREA ','ATIVO',10,10,2023,0,'2023-11-10',0,0,0,0,'0000-00-00',0,''),(72,163,'2023-10-10','Jones','GOLEIRO','ANDRÉ LUIZ MOELMANN','ATIVO',10,10,2023,0,'2023-11-10',0,0,0,0,'0000-00-00',0,''),(73,160,'2023-10-10','Jones','','ALLAN JOHNNY DE OLIVEIRA SANTOS','ATIVO',10,10,2023,0,'2023-11-10',0,0,0,0,'0000-00-00',0,''),(74,157,'2023-10-10','Jones','RONALDINHO','AILTON JOSÉ DA CRUZ ','ATIVO',10,10,2023,0,'2023-11-10',0,0,0,0,'0000-00-00',0,''),(75,154,'2023-10-10','Jones','DININHO','ADENIR ALMEIDA CORREA','ATIVO',10,10,2023,0,'2023-11-10',0,0,0,0,'0000-00-00',0,''),(76,153,'2023-10-10','Jones','','ADEMIR LUIZ GUARDA','ATIVO',10,10,2023,0,'2023-11-10',0,0,0,0,'0000-00-00',0,''),(77,272,'2023-10-10','Jones','BORRACHA','RADAMÉS DA SILVA DE JESUS','ATIVO',10,10,2023,0,'2023-11-10',0,0,0,0,'0000-00-00',0,''),(78,273,'2023-10-10','Jones','RAMÃOZINHO','RAMÃO EDSON MARTINS DAS NEVES','ATIVO',10,10,2023,0,'2023-11-10',0,0,0,0,'0000-00-00',0,''),(79,274,'2023-10-10','Jones','','RICARDO PLACIDO DE OLIVEIRA','ATIVO',10,10,2023,0,'2023-11-10',0,0,0,0,'0000-00-00',0,''),(80,276,'2023-10-10','Jones','ROBERTINHO','ROBERTO JOSÉ DA SILVA ','ATIVO',10,10,2023,0,'2023-11-10',0,0,0,0,'0000-00-00',0,''),(81,277,'2023-10-10','Jones','BETINHO','ROBERTO OLIVEIRA DE ALMEIDA','ATIVO',10,10,2023,0,'2023-11-10',0,0,0,0,'0000-00-00',0,''),(82,278,'2023-10-10','Jones','','RODRIGO QUELUZ DA SILVA','ATIVO',10,10,2023,0,'2023-11-10',0,0,0,0,'0000-00-00',0,''),(83,279,'2023-10-10','Jones','','RONEI BENTO COUTINHO','ATIVO',10,10,2023,0,'2023-11-10',0,0,0,0,'0000-00-00',0,''),(84,280,'2023-10-10','Jones','TUTI','ROSANGELO CUEVA ','ATIVO',10,10,2023,0,'2023-11-10',0,0,0,0,'0000-00-00',0,''),(85,281,'2023-10-10','Jones','','SAMUEL BECH DE OLIVEIRA','ATIVO',10,10,2023,0,'2023-11-10',0,0,0,0,'0000-00-00',0,''),(86,282,'2023-10-10','Jones','TIÃO','SEBASTIÃO FELICIANO','ATIVO',10,10,2023,0,'2023-11-10',0,0,0,0,'0000-00-00',0,''),(87,283,'2023-10-10','Jones','BETO','SERGIO BALDEZ DA SILVA ','ATIVO',10,10,2023,0,'2023-11-10',0,0,0,0,'0000-00-00',0,''),(88,284,'2023-10-10','Jones','','SÉRGIO JOSÉ DE LIMA ','ATIVO',10,10,2023,0,'2023-11-10',0,0,0,0,'0000-00-00',0,''),(89,285,'2023-10-10','Jones','NEY','SIDINEI PEREIRA DA SILVA ','ATIVO',10,10,2023,0,'2023-11-10',0,0,0,0,'0000-00-00',0,''),(90,287,'2023-10-10','Jones','','SILVANO VICENTE MARTINS','ATIVO',10,10,2023,0,'2023-11-10',0,0,0,0,'0000-00-00',0,''),(91,288,'2023-10-10','Jones','','SIMAR DE OLIVEIRA MARQUES','ATIVO',10,10,2023,0,'2023-11-10',0,0,0,0,'0000-00-00',0,''),(92,291,'2023-10-10','Jones','MIRO','VALDOMIRO TAVEIRA MESSIAS DE PAULA','ATIVO',10,10,2023,0,'2023-11-10',0,0,0,0,'0000-00-00',0,''),(93,292,'2023-10-10','Jones','GOLEIRO','VALTER CLAUDINO DA SILVA ','ATIVO',10,10,2023,0,'2023-11-10',0,0,0,0,'0000-00-00',0,''),(94,298,'2023-10-10','Jones','KÓY','WANDERSON LEITE NEVES','ATIVO',10,10,2023,0,'2023-11-10',0,0,0,0,'0000-00-00',0,''),(95,299,'2023-10-10','Jones','DEDI','WEDER GARCIA ARANTES','ATIVO',10,10,2023,0,'2023-11-10',0,0,0,0,'0000-00-00',0,''),(96,300,'2023-10-10','Jones','COMPADRE','WELITON QUELUZ DURAND ','ATIVO',10,10,2023,0,'2023-11-10',0,0,0,0,'0000-00-00',0,''),(97,1,'2023-10-10','Jones','Jones','','ATIVO',10,11,2023,0,'2023-12-10',0,0,0,0,'0000-00-00',0,''),(98,271,'2023-10-10','Jones','','PEDRO HENRIQUE SANTOS GARCIA','ATIVO',10,11,2023,0,'2023-12-10',0,0,0,0,'0000-00-00',0,''),(99,270,'2023-10-10','Jones','','PAULO SERGIO BELLO','ATIVO',10,11,2023,0,'2023-12-10',0,0,0,0,'0000-00-00',0,''),(100,269,'2023-10-10','Jones','','OSVALDO DO CARMO ROSA','ATIVO',10,11,2023,0,'2023-12-10',0,0,0,0,'0000-00-00',0,''),(101,266,'2023-10-10','Jones','RICARDO','NAZARENO RICARDO REIS FRAGA ','ATIVO',10,11,2023,0,'2023-12-10',0,0,0,0,'0000-00-00',0,''),(102,264,'2023-10-10','Jones','GOLEIRO','MIGUEL ALMEIDA DE SOUZA DA CRUZ','ATIVO',10,11,2023,0,'2023-12-10',0,0,0,0,'0000-00-00',0,''),(103,262,'2023-10-10','Jones','PROFESSOR','MAXIMO FONTEBASSE FERREIRA ','ATIVO',10,11,2023,0,'2023-12-10',0,0,0,0,'0000-00-00',0,''),(104,261,'2023-10-10','Jones','MAX','MAXIMIANO GALVÃO NEVES ','ATIVO',10,11,2023,0,'2023-12-10',0,0,0,0,'0000-00-00',0,''),(105,260,'2023-10-10','Jones','GOLEIRO','MAURO CESAR DE OLIVEIRA FERRAZ','ATIVO',10,11,2023,0,'2023-12-10',0,0,0,0,'0000-00-00',0,''),(106,258,'2023-10-10','Jones','TOMATINHO','MARCOS GOMES DA SILVA JUNIOR','ATIVO',10,11,2023,0,'2023-12-10',0,0,0,0,'0000-00-00',0,''),(107,256,'2023-10-10','Jones','','MARCOS ANTONIO SCAVASSA','ATIVO',10,11,2023,0,'2023-12-10',0,0,0,0,'0000-00-00',0,''),(108,255,'2023-10-10','Jones','','MARCO JOSE TEIXEIRA','ATIVO',10,11,2023,0,'2023-12-10',0,0,0,0,'0000-00-00',0,''),(109,254,'2023-10-10','Jones','','MARCO AURELIO RAMOS','ATIVO',10,11,2023,0,'2023-12-10',0,0,0,0,'0000-00-00',0,''),(110,252,'2023-10-10','Jones','ROCHINHA','MARCO ANTONIO ROCHA','ATIVO',10,11,2023,0,'2023-12-10',0,0,0,0,'0000-00-00',0,''),(111,251,'2023-10-10','Jones','MARQUINHO GOLEIRO','MARCO ANTONIO BARBOSA NEVES','ATIVO',10,11,2023,0,'2023-12-10',0,0,0,0,'0000-00-00',0,''),(112,249,'2023-10-10','Jones','MARCINHO','MARCIO ALENCAR AZEVEDO ','ATIVO',10,11,2023,0,'2023-12-10',0,0,0,0,'0000-00-00',0,''),(113,247,'2023-10-10','Jones','','LUIZ MARCOS SANTOS DOMINGOS','ATIVO',10,11,2023,0,'2023-12-10',0,0,0,0,'0000-00-00',0,''),(114,246,'2023-10-10','Jones','','LUCIANO GONÇALVES ROCHA','ATIVO',10,11,2023,0,'2023-12-10',0,0,0,0,'0000-00-00',0,''),(115,244,'2023-10-10','Jones','TOTA','LEANDRO SOUZA DA SILVA','ATIVO',10,11,2023,0,'2023-12-10',0,0,0,0,'0000-00-00',0,''),(116,243,'2023-10-10','Jones','NEGUINHO','LEANDRO APARECIDO DE OLIVEIRA','ATIVO',10,11,2023,0,'2023-12-10',0,0,0,0,'0000-00-00',0,''),(117,242,'2023-10-10','Jones','PTIBULL','LAÉRCIO MARTINS ','ATIVO',10,11,2023,0,'2023-12-10',0,0,0,0,'0000-00-00',0,''),(118,236,'2023-10-10','Jones','','JOSÉ CARLOS DOS SANTOS','ATIVO',10,11,2023,0,'2023-12-10',0,0,0,0,'0000-00-00',0,''),(119,235,'2023-10-10','Jones','LINCOLH','JOSE ANTONIO DIAS','ATIVO',10,11,2023,0,'2023-12-10',0,0,0,0,'0000-00-00',0,''),(120,233,'2023-10-10','Jones','BATATA','JONES RODRIGUES DOS SANTOS','ATIVO',10,11,2023,0,'2023-12-10',0,0,0,0,'0000-00-00',0,''),(121,232,'2023-10-10','Jones','BICUDO','JOÃO NILSON','ATIVO',10,11,2023,0,'2023-12-10',0,0,0,0,'0000-00-00',0,''),(122,231,'2023-10-10','Jones','','JOÃO CARLOS RODRIGUES DE SOUZA','ATIVO',10,11,2023,0,'2023-12-10',0,0,0,0,'0000-00-00',0,''),(123,230,'2023-10-10','Jones','PAQUINHA','JOÃO BATISTA DO NASCIMENTO ','ATIVO',10,11,2023,0,'2023-12-10',0,0,0,0,'0000-00-00',0,''),(124,227,'2023-10-10','Jones','','JEOVA DA SILVA VRADO','ATIVO',10,11,2023,0,'2023-12-10',0,0,0,0,'0000-00-00',0,''),(125,226,'2023-10-10','Jones','','JAIR JOAQUIM JOSÉ ARAUJO','ATIVO',10,11,2023,0,'2023-12-10',0,0,0,0,'0000-00-00',0,''),(126,225,'2023-10-10','Jones','','JAIR ARCE VASQUE','ATIVO',10,11,2023,0,'2023-12-10',0,0,0,0,'0000-00-00',0,''),(127,224,'2023-10-10','Jones','CARATE','JACSON SALES DE SOUZA ','ATIVO',10,11,2023,0,'2023-12-10',0,0,0,0,'0000-00-00',0,''),(128,223,'2023-10-10','Jones','','JACKSON ROBERTO COLLIS','ATIVO',10,11,2023,0,'2023-12-10',0,0,0,0,'0000-00-00',0,''),(129,221,'2023-10-10','Jones','','IVO DOS SANTOS CARVALHO','ATIVO',10,11,2023,0,'2023-12-10',0,0,0,0,'0000-00-00',0,''),(130,219,'2023-10-10','Jones','','HUMBERTO URBIETA NOGUEIRA','ATIVO',10,11,2023,0,'2023-12-10',0,0,0,0,'0000-00-00',0,''),(131,218,'2023-10-10','Jones','CANHOTO','HERMINIO AMANCIO DA SILVA','ATIVO',10,11,2023,0,'2023-12-10',0,0,0,0,'0000-00-00',0,''),(132,217,'2023-10-10','Jones','LÉO','HÉLIO ALVINO DA SILVA','ATIVO',10,11,2023,0,'2023-12-10',0,0,0,0,'0000-00-00',0,''),(133,213,'2023-10-10','Jones','','FREDINALDO DE SOUZA','ATIVO',10,11,2023,0,'2023-12-10',0,0,0,0,'0000-00-00',0,''),(134,211,'2023-10-10','Jones','GOLEIRO','FELIPE RODRIGUES SOARES ','ATIVO',10,11,2023,0,'2023-12-10',0,0,0,0,'0000-00-00',0,''),(135,208,'2023-10-10','Jones','BIM','EWESON LUIZ CARNEIRO MARDEGAN','ATIVO',10,11,2023,0,'2023-12-10',0,0,0,0,'0000-00-00',0,''),(136,205,'2023-10-10','Jones','','ELEANDRO DE LIMA','ATIVO',10,11,2023,0,'2023-12-10',0,0,0,0,'0000-00-00',0,''),(137,203,'2023-10-10','Jones','GALILSO','EDIMILSOM MOREIRA DA CRUZ','ATIVO',10,11,2023,0,'2023-12-10',0,0,0,0,'0000-00-00',0,''),(138,202,'2023-10-10','Jones','','EDILSON MARIA','ATIVO',10,11,2023,0,'2023-12-10',0,0,0,0,'0000-00-00',0,''),(139,201,'2023-10-10','Jones','GOLEIRO','EDILSON MACEDO DOS SANTOS','ATIVO',10,11,2023,0,'2023-12-10',0,0,0,0,'0000-00-00',0,''),(140,200,'2023-10-10','Jones','PROFESSOR','DURCIVAL JORGE','ATIVO',10,11,2023,0,'2023-12-10',0,0,0,0,'0000-00-00',0,''),(141,198,'2023-10-10','Jones','GOLEIRO','DOUGLAS DA SILVA CRUZ','ATIVO',10,11,2023,0,'2023-12-10',0,0,0,0,'0000-00-00',0,''),(142,197,'2023-10-10','Jones','','DONIZETE CARLOS ALVES','ATIVO',10,11,2023,0,'2023-12-10',0,0,0,0,'0000-00-00',0,''),(143,196,'2023-10-10','Jones','','DJAMIRO CRUZ','ATIVO',10,11,2023,0,'2023-12-10',0,0,0,0,'0000-00-00',0,''),(144,195,'2023-10-10','Jones','','DAVID SANTOS DE CARVALHO','ATIVO',10,11,2023,0,'2023-12-10',0,0,0,0,'0000-00-00',0,''),(145,194,'2023-10-10','Jones','','DAVI LIMA DE CAMPOS JUNIOR','ATIVO',10,11,2023,0,'2023-12-10',0,0,0,0,'0000-00-00',0,''),(146,192,'2023-10-10','Jones','','DAMERSON VIEIRA CORREIA ','ATIVO',10,11,2023,0,'2023-12-10',0,0,0,0,'0000-00-00',0,''),(147,190,'2023-10-10','Jones','GOLEIRO','COSTINHA','ATIVO',10,11,2023,0,'2023-12-10',0,0,0,0,'0000-00-00',0,''),(148,189,'2023-10-10','Jones','','COSMO REGINALDO VICENTE DA SILVA','ATIVO',10,11,2023,0,'2023-12-10',0,0,0,0,'0000-00-00',0,''),(149,188,'2023-10-10','Jones','','CLEBER CARVALHO FLORES','ATIVO',10,11,2023,0,'2023-12-10',0,0,0,0,'0000-00-00',0,''),(150,185,'2023-10-10','Jones','','CICERO ALVES RIBEIRO','ATIVO',10,11,2023,0,'2023-12-10',0,0,0,0,'0000-00-00',0,''),(151,184,'2023-10-10','Jones','','CEZAR BENITEZ','ATIVO',10,11,2023,0,'2023-12-10',0,0,0,0,'0000-00-00',0,''),(152,182,'2023-10-10','Jones','TECA','CELSO MATOSO DE FREITAS ','ATIVO',10,11,2023,0,'2023-12-10',0,0,0,0,'0000-00-00',0,''),(153,179,'2023-10-10','Jones','LOBOZINHO','ATAIR APARECIDO GONÇAVES','ATIVO',10,11,2023,0,'2023-12-10',0,0,0,0,'0000-00-00',0,''),(154,178,'2023-10-10','Jones','PAJÉ','ATAIDE NASCIMENTO MARTINS','ATIVO',10,11,2023,0,'2023-12-10',0,0,0,0,'0000-00-00',0,''),(155,177,'2023-10-10','Jones','','ATAIDE FELICIANO','ATIVO',10,11,2023,0,'2023-12-10',0,0,0,0,'0000-00-00',0,''),(156,176,'2023-10-10','Jones','DIEGO','ARNALDO DIEGO BRAGA VALENSUELA','ATIVO',10,11,2023,0,'2023-12-10',0,0,0,0,'0000-00-00',0,''),(157,175,'2023-10-10','Jones','SCHUMACHER','ARIOVALDO MARTINS NEVES','ATIVO',10,11,2023,0,'2023-12-10',0,0,0,0,'0000-00-00',0,''),(158,174,'2023-10-10','Jones','PARAGUAIO','ARIOVALDO BARROS MARTINS','ATIVO',10,11,2023,0,'2023-12-10',0,0,0,0,'0000-00-00',0,''),(159,173,'2023-10-10','Jones','','AQUINO FELICIANO','ATIVO',10,11,2023,0,'2023-12-10',0,0,0,0,'0000-00-00',0,''),(160,172,'2023-10-10','Jones','PROFESSOR','APARECIDO DE SOUZA','ATIVO',10,11,2023,0,'2023-12-10',0,0,0,0,'0000-00-00',0,''),(161,170,'2023-10-10','Jones','SERGINHO','ANTONIO SERGIO PEREIRA','ATIVO',10,11,2023,0,'2023-12-10',0,0,0,0,'0000-00-00',0,''),(162,169,'2023-10-10','Jones','PAULO DA FAZ','ANTONIO PAULO DA SILVA','ATIVO',10,11,2023,0,'2023-12-10',0,0,0,0,'0000-00-00',0,''),(163,166,'2023-10-10','Jones','LEITEIRO','ANTONIO CELSO RODRIGUES DA SILVA JUNIOR','ATIVO',10,11,2023,0,'2023-12-10',0,0,0,0,'0000-00-00',0,''),(164,165,'2023-10-10','Jones','BUGÃO','ANTONIO ALMEIDA CORREA ','ATIVO',10,11,2023,0,'2023-12-10',0,0,0,0,'0000-00-00',0,''),(165,163,'2023-10-10','Jones','GOLEIRO','ANDRÉ LUIZ MOELMANN','ATIVO',10,11,2023,0,'2023-12-10',0,0,0,0,'0000-00-00',0,''),(166,160,'2023-10-10','Jones','','ALLAN JOHNNY DE OLIVEIRA SANTOS','ATIVO',10,11,2023,0,'2023-12-10',0,0,0,0,'0000-00-00',0,''),(167,157,'2023-10-10','Jones','RONALDINHO','AILTON JOSÉ DA CRUZ ','ATIVO',10,11,2023,0,'2023-12-10',0,0,0,0,'0000-00-00',0,''),(168,154,'2023-10-10','Jones','DININHO','ADENIR ALMEIDA CORREA','ATIVO',10,11,2023,0,'2023-12-10',0,0,0,0,'0000-00-00',0,''),(169,153,'2023-10-10','Jones','','ADEMIR LUIZ GUARDA','ATIVO',10,11,2023,0,'2023-12-10',0,0,0,0,'0000-00-00',0,''),(170,272,'2023-10-10','Jones','BORRACHA','RADAMÉS DA SILVA DE JESUS','ATIVO',10,11,2023,0,'2023-12-10',0,0,0,0,'0000-00-00',0,''),(171,273,'2023-10-10','Jones','RAMÃOZINHO','RAMÃO EDSON MARTINS DAS NEVES','ATIVO',10,11,2023,0,'2023-12-10',0,0,0,0,'0000-00-00',0,''),(172,274,'2023-10-10','Jones','','RICARDO PLACIDO DE OLIVEIRA','ATIVO',10,11,2023,0,'2023-12-10',0,0,0,0,'0000-00-00',0,''),(173,276,'2023-10-10','Jones','ROBERTINHO','ROBERTO JOSÉ DA SILVA ','ATIVO',10,11,2023,0,'2023-12-10',0,0,0,0,'0000-00-00',0,''),(174,277,'2023-10-10','Jones','BETINHO','ROBERTO OLIVEIRA DE ALMEIDA','ATIVO',10,11,2023,0,'2023-12-10',0,0,0,0,'0000-00-00',0,''),(175,278,'2023-10-10','Jones','','RODRIGO QUELUZ DA SILVA','ATIVO',10,11,2023,0,'2023-12-10',0,0,0,0,'0000-00-00',0,''),(176,279,'2023-10-10','Jones','','RONEI BENTO COUTINHO','ATIVO',10,11,2023,0,'2023-12-10',0,0,0,0,'0000-00-00',0,''),(177,280,'2023-10-10','Jones','TUTI','ROSANGELO CUEVA ','ATIVO',10,11,2023,0,'2023-12-10',0,0,0,0,'0000-00-00',0,''),(178,281,'2023-10-10','Jones','','SAMUEL BECH DE OLIVEIRA','ATIVO',10,11,2023,0,'2023-12-10',0,0,0,0,'0000-00-00',0,''),(179,282,'2023-10-10','Jones','TIÃO','SEBASTIÃO FELICIANO','ATIVO',10,11,2023,0,'2023-12-10',0,0,0,0,'0000-00-00',0,''),(180,283,'2023-10-10','Jones','BETO','SERGIO BALDEZ DA SILVA ','ATIVO',10,11,2023,0,'2023-12-10',0,0,0,0,'0000-00-00',0,''),(181,284,'2023-10-10','Jones','','SÉRGIO JOSÉ DE LIMA ','ATIVO',10,11,2023,0,'2023-12-10',0,0,0,0,'0000-00-00',0,''),(182,285,'2023-10-10','Jones','NEY','SIDINEI PEREIRA DA SILVA ','ATIVO',10,11,2023,0,'2023-12-10',0,0,0,0,'0000-00-00',0,''),(183,287,'2023-10-10','Jones','','SILVANO VICENTE MARTINS','ATIVO',10,11,2023,0,'2023-12-10',0,0,0,0,'0000-00-00',0,''),(184,288,'2023-10-10','Jones','','SIMAR DE OLIVEIRA MARQUES','ATIVO',10,11,2023,0,'2023-12-10',0,0,0,0,'0000-00-00',0,''),(185,291,'2023-10-10','Jones','MIRO','VALDOMIRO TAVEIRA MESSIAS DE PAULA','ATIVO',10,11,2023,0,'2023-12-10',0,0,0,0,'0000-00-00',0,''),(186,292,'2023-10-10','Jones','GOLEIRO','VALTER CLAUDINO DA SILVA ','ATIVO',10,11,2023,0,'2023-12-10',0,0,0,0,'0000-00-00',0,''),(187,298,'2023-10-10','Jones','KÓY','WANDERSON LEITE NEVES','ATIVO',10,11,2023,0,'2023-12-10',0,0,0,0,'0000-00-00',0,''),(188,299,'2023-10-10','Jones','DEDI','WEDER GARCIA ARANTES','ATIVO',10,11,2023,0,'2023-12-10',0,0,0,0,'0000-00-00',0,''),(189,300,'2023-10-10','Jones','COMPADRE','WELITON QUELUZ DURAND ','ATIVO',10,11,2023,0,'2023-12-10',0,0,0,0,'0000-00-00',0,''),(190,1,'2023-10-10','Jones','Jones','','ATIVO',10,12,2023,0,'2024-01-10',0,0,0,0,'0000-00-00',0,''),(191,271,'2023-10-10','Jones','','PEDRO HENRIQUE SANTOS GARCIA','ATIVO',10,12,2023,0,'2024-01-10',0,0,0,0,'0000-00-00',0,''),(192,270,'2023-10-10','Jones','','PAULO SERGIO BELLO','ATIVO',10,12,2023,0,'2024-01-10',0,0,0,0,'0000-00-00',0,''),(193,269,'2023-10-10','Jones','','OSVALDO DO CARMO ROSA','ATIVO',10,12,2023,0,'2024-01-10',0,0,0,0,'0000-00-00',0,''),(194,266,'2023-10-10','Jones','RICARDO','NAZARENO RICARDO REIS FRAGA ','ATIVO',10,12,2023,0,'2024-01-10',0,0,0,0,'0000-00-00',0,''),(195,264,'2023-10-10','Jones','GOLEIRO','MIGUEL ALMEIDA DE SOUZA DA CRUZ','ATIVO',10,12,2023,0,'2024-01-10',0,0,0,0,'0000-00-00',0,''),(196,262,'2023-10-10','Jones','PROFESSOR','MAXIMO FONTEBASSE FERREIRA ','ATIVO',10,12,2023,0,'2024-01-10',0,0,0,0,'0000-00-00',0,''),(197,261,'2023-10-10','Jones','MAX','MAXIMIANO GALVÃO NEVES ','ATIVO',10,12,2023,0,'2024-01-10',0,0,0,0,'0000-00-00',0,''),(198,260,'2023-10-10','Jones','GOLEIRO','MAURO CESAR DE OLIVEIRA FERRAZ','ATIVO',10,12,2023,0,'2024-01-10',0,0,0,0,'0000-00-00',0,''),(199,258,'2023-10-10','Jones','TOMATINHO','MARCOS GOMES DA SILVA JUNIOR','ATIVO',10,12,2023,0,'2024-01-10',0,0,0,0,'0000-00-00',0,''),(200,256,'2023-10-10','Jones','','MARCOS ANTONIO SCAVASSA','ATIVO',10,12,2023,0,'2024-01-10',0,0,0,0,'0000-00-00',0,''),(201,255,'2023-10-10','Jones','','MARCO JOSE TEIXEIRA','ATIVO',10,12,2023,0,'2024-01-10',0,0,0,0,'0000-00-00',0,''),(202,254,'2023-10-10','Jones','','MARCO AURELIO RAMOS','ATIVO',10,12,2023,0,'2024-01-10',0,0,0,0,'0000-00-00',0,''),(203,252,'2023-10-10','Jones','ROCHINHA','MARCO ANTONIO ROCHA','ATIVO',10,12,2023,0,'2024-01-10',0,0,0,0,'0000-00-00',0,''),(204,251,'2023-10-10','Jones','MARQUINHO GOLEIRO','MARCO ANTONIO BARBOSA NEVES','ATIVO',10,12,2023,0,'2024-01-10',0,0,0,0,'0000-00-00',0,''),(205,249,'2023-10-10','Jones','MARCINHO','MARCIO ALENCAR AZEVEDO ','ATIVO',10,12,2023,0,'2024-01-10',0,0,0,0,'0000-00-00',0,''),(206,247,'2023-10-10','Jones','','LUIZ MARCOS SANTOS DOMINGOS','ATIVO',10,12,2023,0,'2024-01-10',0,0,0,0,'0000-00-00',0,''),(207,246,'2023-10-10','Jones','','LUCIANO GONÇALVES ROCHA','ATIVO',10,12,2023,0,'2024-01-10',0,0,0,0,'0000-00-00',0,''),(208,244,'2023-10-10','Jones','TOTA','LEANDRO SOUZA DA SILVA','ATIVO',10,12,2023,0,'2024-01-10',0,0,0,0,'0000-00-00',0,''),(209,243,'2023-10-10','Jones','NEGUINHO','LEANDRO APARECIDO DE OLIVEIRA','ATIVO',10,12,2023,0,'2024-01-10',0,0,0,0,'0000-00-00',0,''),(210,242,'2023-10-10','Jones','PTIBULL','LAÉRCIO MARTINS ','ATIVO',10,12,2023,0,'2024-01-10',0,0,0,0,'0000-00-00',0,''),(211,236,'2023-10-10','Jones','','JOSÉ CARLOS DOS SANTOS','ATIVO',10,12,2023,0,'2024-01-10',0,0,0,0,'0000-00-00',0,''),(212,235,'2023-10-10','Jones','LINCOLH','JOSE ANTONIO DIAS','ATIVO',10,12,2023,0,'2024-01-10',0,0,0,0,'0000-00-00',0,''),(213,233,'2023-10-10','Jones','BATATA','JONES RODRIGUES DOS SANTOS','ATIVO',10,12,2023,0,'2024-01-10',0,0,0,0,'0000-00-00',0,''),(214,232,'2023-10-10','Jones','BICUDO','JOÃO NILSON','ATIVO',10,12,2023,0,'2024-01-10',0,0,0,0,'0000-00-00',0,''),(215,231,'2023-10-10','Jones','','JOÃO CARLOS RODRIGUES DE SOUZA','ATIVO',10,12,2023,0,'2024-01-10',0,0,0,0,'0000-00-00',0,''),(216,230,'2023-10-10','Jones','PAQUINHA','JOÃO BATISTA DO NASCIMENTO ','ATIVO',10,12,2023,0,'2024-01-10',0,0,0,0,'0000-00-00',0,''),(217,227,'2023-10-10','Jones','','JEOVA DA SILVA VRADO','ATIVO',10,12,2023,0,'2024-01-10',0,0,0,0,'0000-00-00',0,''),(218,226,'2023-10-10','Jones','','JAIR JOAQUIM JOSÉ ARAUJO','ATIVO',10,12,2023,0,'2024-01-10',0,0,0,0,'0000-00-00',0,''),(219,225,'2023-10-10','Jones','','JAIR ARCE VASQUE','ATIVO',10,12,2023,0,'2024-01-10',0,0,0,0,'0000-00-00',0,''),(220,224,'2023-10-10','Jones','CARATE','JACSON SALES DE SOUZA ','ATIVO',10,12,2023,0,'2024-01-10',0,0,0,0,'0000-00-00',0,''),(221,223,'2023-10-10','Jones','','JACKSON ROBERTO COLLIS','ATIVO',10,12,2023,0,'2024-01-10',0,0,0,0,'0000-00-00',0,''),(222,221,'2023-10-10','Jones','','IVO DOS SANTOS CARVALHO','ATIVO',10,12,2023,0,'2024-01-10',0,0,0,0,'0000-00-00',0,''),(223,219,'2023-10-10','Jones','','HUMBERTO URBIETA NOGUEIRA','ATIVO',10,12,2023,0,'2024-01-10',0,0,0,0,'0000-00-00',0,''),(224,218,'2023-10-10','Jones','CANHOTO','HERMINIO AMANCIO DA SILVA','ATIVO',10,12,2023,0,'2024-01-10',0,0,0,0,'0000-00-00',0,''),(225,217,'2023-10-10','Jones','LÉO','HÉLIO ALVINO DA SILVA','ATIVO',10,12,2023,0,'2024-01-10',0,0,0,0,'0000-00-00',0,''),(226,213,'2023-10-10','Jones','','FREDINALDO DE SOUZA','ATIVO',10,12,2023,0,'2024-01-10',0,0,0,0,'0000-00-00',0,''),(227,211,'2023-10-10','Jones','GOLEIRO','FELIPE RODRIGUES SOARES ','ATIVO',10,12,2023,0,'2024-01-10',0,0,0,0,'0000-00-00',0,''),(228,208,'2023-10-10','Jones','BIM','EWESON LUIZ CARNEIRO MARDEGAN','ATIVO',10,12,2023,0,'2024-01-10',0,0,0,0,'0000-00-00',0,''),(229,205,'2023-10-10','Jones','','ELEANDRO DE LIMA','ATIVO',10,12,2023,0,'2024-01-10',0,0,0,0,'0000-00-00',0,''),(230,203,'2023-10-10','Jones','GALILSO','EDIMILSOM MOREIRA DA CRUZ','ATIVO',10,12,2023,0,'2024-01-10',0,0,0,0,'0000-00-00',0,''),(231,202,'2023-10-10','Jones','','EDILSON MARIA','ATIVO',10,12,2023,0,'2024-01-10',0,0,0,0,'0000-00-00',0,''),(232,201,'2023-10-10','Jones','GOLEIRO','EDILSON MACEDO DOS SANTOS','ATIVO',10,12,2023,0,'2024-01-10',0,0,0,0,'0000-00-00',0,''),(233,200,'2023-10-10','Jones','PROFESSOR','DURCIVAL JORGE','ATIVO',10,12,2023,0,'2024-01-10',0,0,0,0,'0000-00-00',0,''),(234,198,'2023-10-10','Jones','GOLEIRO','DOUGLAS DA SILVA CRUZ','ATIVO',10,12,2023,0,'2024-01-10',0,0,0,0,'0000-00-00',0,''),(235,197,'2023-10-10','Jones','','DONIZETE CARLOS ALVES','ATIVO',10,12,2023,0,'2024-01-10',0,0,0,0,'0000-00-00',0,''),(236,196,'2023-10-10','Jones','','DJAMIRO CRUZ','ATIVO',10,12,2023,0,'2024-01-10',0,0,0,0,'0000-00-00',0,''),(237,195,'2023-10-10','Jones','','DAVID SANTOS DE CARVALHO','ATIVO',10,12,2023,0,'2024-01-10',0,0,0,0,'0000-00-00',0,''),(238,194,'2023-10-10','Jones','','DAVI LIMA DE CAMPOS JUNIOR','ATIVO',10,12,2023,0,'2024-01-10',0,0,0,0,'0000-00-00',0,''),(239,192,'2023-10-10','Jones','','DAMERSON VIEIRA CORREIA ','ATIVO',10,12,2023,0,'2024-01-10',0,0,0,0,'0000-00-00',0,''),(240,190,'2023-10-10','Jones','GOLEIRO','COSTINHA','ATIVO',10,12,2023,0,'2024-01-10',0,0,0,0,'0000-00-00',0,''),(241,189,'2023-10-10','Jones','','COSMO REGINALDO VICENTE DA SILVA','ATIVO',10,12,2023,0,'2024-01-10',0,0,0,0,'0000-00-00',0,''),(242,188,'2023-10-10','Jones','','CLEBER CARVALHO FLORES','ATIVO',10,12,2023,0,'2024-01-10',0,0,0,0,'0000-00-00',0,''),(243,185,'2023-10-10','Jones','','CICERO ALVES RIBEIRO','ATIVO',10,12,2023,0,'2024-01-10',0,0,0,0,'0000-00-00',0,''),(244,184,'2023-10-10','Jones','','CEZAR BENITEZ','ATIVO',10,12,2023,0,'2024-01-10',0,0,0,0,'0000-00-00',0,''),(245,182,'2023-10-10','Jones','TECA','CELSO MATOSO DE FREITAS ','ATIVO',10,12,2023,0,'2024-01-10',0,0,0,0,'0000-00-00',0,''),(246,179,'2023-10-10','Jones','LOBOZINHO','ATAIR APARECIDO GONÇAVES','ATIVO',10,12,2023,0,'2024-01-10',0,0,0,0,'0000-00-00',0,''),(247,178,'2023-10-10','Jones','PAJÉ','ATAIDE NASCIMENTO MARTINS','ATIVO',10,12,2023,0,'2024-01-10',0,0,0,0,'0000-00-00',0,''),(248,177,'2023-10-10','Jones','','ATAIDE FELICIANO','ATIVO',10,12,2023,0,'2024-01-10',0,0,0,0,'0000-00-00',0,''),(249,176,'2023-10-10','Jones','DIEGO','ARNALDO DIEGO BRAGA VALENSUELA','ATIVO',10,12,2023,0,'2024-01-10',0,0,0,0,'0000-00-00',0,''),(250,175,'2023-10-10','Jones','SCHUMACHER','ARIOVALDO MARTINS NEVES','ATIVO',10,12,2023,0,'2024-01-10',0,0,0,0,'0000-00-00',0,''),(251,174,'2023-10-10','Jones','PARAGUAIO','ARIOVALDO BARROS MARTINS','ATIVO',10,12,2023,0,'2024-01-10',0,0,0,0,'0000-00-00',0,''),(252,173,'2023-10-10','Jones','','AQUINO FELICIANO','ATIVO',10,12,2023,0,'2024-01-10',0,0,0,0,'0000-00-00',0,''),(253,172,'2023-10-10','Jones','PROFESSOR','APARECIDO DE SOUZA','ATIVO',10,12,2023,0,'2024-01-10',0,0,0,0,'0000-00-00',0,''),(254,170,'2023-10-10','Jones','SERGINHO','ANTONIO SERGIO PEREIRA','ATIVO',10,12,2023,0,'2024-01-10',0,0,0,0,'0000-00-00',0,''),(255,169,'2023-10-10','Jones','PAULO DA FAZ','ANTONIO PAULO DA SILVA','ATIVO',10,12,2023,0,'2024-01-10',0,0,0,0,'0000-00-00',0,''),(256,166,'2023-10-10','Jones','LEITEIRO','ANTONIO CELSO RODRIGUES DA SILVA JUNIOR','ATIVO',10,12,2023,0,'2024-01-10',0,0,0,0,'0000-00-00',0,''),(257,165,'2023-10-10','Jones','BUGÃO','ANTONIO ALMEIDA CORREA ','ATIVO',10,12,2023,0,'2024-01-10',0,0,0,0,'0000-00-00',0,''),(258,163,'2023-10-10','Jones','GOLEIRO','ANDRÉ LUIZ MOELMANN','ATIVO',10,12,2023,0,'2024-01-10',0,0,0,0,'0000-00-00',0,''),(259,160,'2023-10-10','Jones','','ALLAN JOHNNY DE OLIVEIRA SANTOS','ATIVO',10,12,2023,0,'2024-01-10',0,0,0,0,'0000-00-00',0,''),(260,157,'2023-10-10','Jones','RONALDINHO','AILTON JOSÉ DA CRUZ ','ATIVO',10,12,2023,0,'2024-01-10',0,0,0,0,'0000-00-00',0,''),(261,154,'2023-10-10','Jones','DININHO','ADENIR ALMEIDA CORREA','ATIVO',10,12,2023,0,'2024-01-10',0,0,0,0,'0000-00-00',0,''),(262,153,'2023-10-10','Jones','','ADEMIR LUIZ GUARDA','ATIVO',10,12,2023,0,'2024-01-10',0,0,0,0,'0000-00-00',0,''),(263,272,'2023-10-10','Jones','BORRACHA','RADAMÉS DA SILVA DE JESUS','ATIVO',10,12,2023,0,'2024-01-10',0,0,0,0,'0000-00-00',0,''),(264,273,'2023-10-10','Jones','RAMÃOZINHO','RAMÃO EDSON MARTINS DAS NEVES','ATIVO',10,12,2023,0,'2024-01-10',0,0,0,0,'0000-00-00',0,''),(265,274,'2023-10-10','Jones','','RICARDO PLACIDO DE OLIVEIRA','ATIVO',10,12,2023,0,'2024-01-10',0,0,0,0,'0000-00-00',0,''),(266,276,'2023-10-10','Jones','ROBERTINHO','ROBERTO JOSÉ DA SILVA ','ATIVO',10,12,2023,0,'2024-01-10',0,0,0,0,'0000-00-00',0,''),(267,277,'2023-10-10','Jones','BETINHO','ROBERTO OLIVEIRA DE ALMEIDA','ATIVO',10,12,2023,0,'2024-01-10',0,0,0,0,'0000-00-00',0,''),(268,278,'2023-10-10','Jones','','RODRIGO QUELUZ DA SILVA','ATIVO',10,12,2023,0,'2024-01-10',0,0,0,0,'0000-00-00',0,''),(269,279,'2023-10-10','Jones','','RONEI BENTO COUTINHO','ATIVO',10,12,2023,0,'2024-01-10',0,0,0,0,'0000-00-00',0,''),(270,280,'2023-10-10','Jones','TUTI','ROSANGELO CUEVA ','ATIVO',10,12,2023,0,'2024-01-10',0,0,0,0,'0000-00-00',0,''),(271,281,'2023-10-10','Jones','','SAMUEL BECH DE OLIVEIRA','ATIVO',10,12,2023,0,'2024-01-10',0,0,0,0,'0000-00-00',0,''),(272,282,'2023-10-10','Jones','TIÃO','SEBASTIÃO FELICIANO','ATIVO',10,12,2023,0,'2024-01-10',0,0,0,0,'0000-00-00',0,''),(273,283,'2023-10-10','Jones','BETO','SERGIO BALDEZ DA SILVA ','ATIVO',10,12,2023,0,'2024-01-10',0,0,0,0,'0000-00-00',0,''),(274,284,'2023-10-10','Jones','','SÉRGIO JOSÉ DE LIMA ','ATIVO',10,12,2023,0,'2024-01-10',0,0,0,0,'0000-00-00',0,''),(275,285,'2023-10-10','Jones','NEY','SIDINEI PEREIRA DA SILVA ','ATIVO',10,12,2023,0,'2024-01-10',0,0,0,0,'0000-00-00',0,''),(276,287,'2023-10-10','Jones','','SILVANO VICENTE MARTINS','ATIVO',10,12,2023,0,'2024-01-10',0,0,0,0,'0000-00-00',0,''),(277,288,'2023-10-10','Jones','','SIMAR DE OLIVEIRA MARQUES','ATIVO',10,12,2023,0,'2024-01-10',0,0,0,0,'0000-00-00',0,''),(278,291,'2023-10-10','Jones','MIRO','VALDOMIRO TAVEIRA MESSIAS DE PAULA','ATIVO',10,12,2023,0,'2024-01-10',0,0,0,0,'0000-00-00',0,''),(279,292,'2023-10-10','Jones','GOLEIRO','VALTER CLAUDINO DA SILVA ','ATIVO',10,12,2023,0,'2024-01-10',0,0,0,0,'0000-00-00',0,''),(280,298,'2023-10-10','Jones','KÓY','WANDERSON LEITE NEVES','ATIVO',10,12,2023,0,'2024-01-10',0,0,0,0,'0000-00-00',0,''),(281,299,'2023-10-10','Jones','DEDI','WEDER GARCIA ARANTES','ATIVO',10,12,2023,0,'2024-01-10',0,0,0,0,'0000-00-00',0,''),(282,300,'2023-10-10','Jones','COMPADRE','WELITON QUELUZ DURAND ','ATIVO',10,12,2023,0,'2024-01-10',0,0,0,0,'0000-00-00',0,'');
/*!40000 ALTER TABLE `historico_mensalidades` ENABLE KEYS */;
UNLOCK TABLES;

--
-- Table structure for table `int_associar`
--

DROP TABLE IF EXISTS `int_associar`;
/*!40101 SET @saved_cs_client     = @@character_set_client */;
/*!40101 SET character_set_client = utf8 */;
CREATE TABLE `int_associar` (
  `id` int NOT NULL AUTO_INCREMENT,
  `data` date NOT NULL,
  `foto` varchar(150) NOT NULL,
  `apelido` varchar(30) CHARACTER SET utf8mb4 COLLATE utf8mb4_0900_ai_ci NOT NULL,
  `nome_completo` varchar(50) NOT NULL,
  `cpf` varchar(15) CHARACTER SET utf8mb4 COLLATE utf8mb4_0900_ai_ci NOT NULL,
  `rg` varchar(15) NOT NULL,
  `nascimento` date NOT NULL,
  `uf` varchar(100) NOT NULL,
  `cid_natal` varchar(40) CHARACTER SET utf8mb4 COLLATE utf8mb4_0900_ai_ci NOT NULL,
  `mae` varchar(100) CHARACTER SET utf8mb4 COLLATE utf8mb4_0900_ai_ci NOT NULL,
  `pai` varchar(100) NOT NULL,
  `sexo` varchar(15) NOT NULL,
  `uf_atual` varchar(100) NOT NULL,
  `cep` varchar(15) NOT NULL,
  `cid_atual` varchar(100) NOT NULL,
  `endereco` varchar(100) NOT NULL,
  `nu` varchar(15) NOT NULL,
  `bairro` varchar(50) NOT NULL,
  `celular1` varchar(15) NOT NULL,
  `celular2` varchar(15) NOT NULL,
  `email` varchar(140) CHARACTER SET latin1 COLLATE latin1_swedish_ci NOT NULL,
  `motivo` varchar(1000) NOT NULL,
  `termos` varchar(10000) NOT NULL,
  `validade` date NOT NULL,
  `status` varchar(10) NOT NULL,
  `observacao` varchar(1500) CHARACTER SET utf8mb4 COLLATE utf8mb4_0900_ai_ci NOT NULL,
  `em_votacao` varchar(5) NOT NULL,
  `admin` varchar(150) NOT NULL,
  `inicio_votacao` date NOT NULL,
  `inicio_hora` time NOT NULL,
  `fim_votacao` date NOT NULL,
  `fim_hora` time NOT NULL,
  `voto_sim` int NOT NULL,
  `voto_nao` int NOT NULL,
  `resultado` int NOT NULL,
  PRIMARY KEY (`id`)
) ENGINE=MyISAM DEFAULT CHARSET=utf8mb4 COLLATE=utf8mb4_0900_ai_ci;
/*!40101 SET character_set_client = @saved_cs_client */;

--
-- Dumping data for table `int_associar`
--

LOCK TABLES `int_associar` WRITE;
/*!40000 ALTER TABLE `int_associar` DISABLE KEYS */;
/*!40000 ALTER TABLE `int_associar` ENABLE KEYS */;
UNLOCK TABLES;

--
-- Table structure for table `joias_receber`
--

DROP TABLE IF EXISTS `joias_receber`;
/*!40101 SET @saved_cs_client     = @@character_set_client */;
/*!40101 SET character_set_client = utf8 */;
CREATE TABLE `joias_receber` (
  `id` int NOT NULL AUTO_INCREMENT,
  `data` date NOT NULL,
  `admin` varchar(50) CHARACTER SET utf8mb4 COLLATE utf8mb4_0900_ai_ci NOT NULL,
  `id_socio` int NOT NULL,
  `apelido` varchar(100) NOT NULL,
  `nome_completo` varchar(150) NOT NULL,
  `celular1` varchar(50) NOT NULL,
  `celular2` varchar(50) NOT NULL,
  `email` varchar(100) NOT NULL,
  `valor` varchar(15) NOT NULL,
  `entrada` int NOT NULL,
  `restante` int NOT NULL,
  `num_parcela` int NOT NULL,
  `qt_parcelas` int NOT NULL,
  `valor_parcelas` int NOT NULL,
  `vencimento` date NOT NULL,
  `desconto_parcela` int NOT NULL,
  `recebido` int NOT NULL,
  `data_recebeu` date NOT NULL,
  `a_receber` varchar(15) NOT NULL,
  PRIMARY KEY (`id`)
) ENGINE=MyISAM DEFAULT CHARSET=utf8mb4 COLLATE=utf8mb4_0900_ai_ci;
/*!40101 SET character_set_client = @saved_cs_client */;

--
-- Dumping data for table `joias_receber`
--

LOCK TABLES `joias_receber` WRITE;
/*!40000 ALTER TABLE `joias_receber` DISABLE KEYS */;
/*!40000 ALTER TABLE `joias_receber` ENABLE KEYS */;
UNLOCK TABLES;

--
-- Table structure for table `mensalidades`
--

DROP TABLE IF EXISTS `mensalidades`;
/*!40101 SET @saved_cs_client     = @@character_set_client */;
/*!40101 SET character_set_client = utf8 */;
CREATE TABLE `mensalidades` (
  `id` int NOT NULL AUTO_INCREMENT,
  `id_socio` int NOT NULL,
  `data` date NOT NULL,
  `admin` varchar(50) NOT NULL,
  `apelido` varchar(50) NOT NULL,
  `nome_completo` varchar(150) NOT NULL,
  `status` varchar(20) NOT NULL,
  `mensalidade_dia` int NOT NULL,
  `mensalidade_mes` int NOT NULL,
  `mensalidade_ano` int NOT NULL,
  `valor_mensalidade` int NOT NULL,
  `data_vencimento` date NOT NULL,
  `desconto_mensalidade` int NOT NULL,
  `multa_mensalidade` int NOT NULL,
  `valor_receber` int NOT NULL,
  `valor_recebido` int NOT NULL,
  `data_recebida` date NOT NULL,
  `restante` int NOT NULL,
  PRIMARY KEY (`id`)
) ENGINE=MyISAM AUTO_INCREMENT=283 DEFAULT CHARSET=utf8mb4 COLLATE=utf8mb4_0900_ai_ci;
/*!40101 SET character_set_client = @saved_cs_client */;

--
-- Dumping data for table `mensalidades`
--

LOCK TABLES `mensalidades` WRITE;
/*!40000 ALTER TABLE `mensalidades` DISABLE KEYS */;
INSERT INTO `mensalidades` VALUES (5,271,'2023-10-10','Jones','','PEDRO HENRIQUE SANTOS GARCIA','ATIVO',10,10,2023,0,'2023-11-10',0,0,0,0,'0000-00-00',0),(4,1,'2023-10-10','Jones','Jones','','ATIVO',10,10,2023,0,'2023-11-10',0,0,0,0,'0000-00-00',0),(6,270,'2023-10-10','Jones','','PAULO SERGIO BELLO','ATIVO',10,10,2023,0,'2023-11-10',0,0,0,0,'0000-00-00',0),(7,269,'2023-10-10','Jones','','OSVALDO DO CARMO ROSA','ATIVO',10,10,2023,0,'2023-11-10',0,0,0,0,'0000-00-00',0),(8,266,'2023-10-10','Jones','RICARDO','NAZARENO RICARDO REIS FRAGA ','ATIVO',10,10,2023,0,'2023-11-10',0,0,0,0,'0000-00-00',0),(9,264,'2023-10-10','Jones','GOLEIRO','MIGUEL ALMEIDA DE SOUZA DA CRUZ','ATIVO',10,10,2023,0,'2023-11-10',0,0,0,0,'0000-00-00',0),(10,262,'2023-10-10','Jones','PROFESSOR','MAXIMO FONTEBASSE FERREIRA ','ATIVO',10,10,2023,0,'2023-11-10',0,0,0,0,'0000-00-00',0),(11,261,'2023-10-10','Jones','MAX','MAXIMIANO GALVÃO NEVES ','ATIVO',10,10,2023,0,'2023-11-10',0,0,0,0,'0000-00-00',0),(12,260,'2023-10-10','Jones','GOLEIRO','MAURO CESAR DE OLIVEIRA FERRAZ','ATIVO',10,10,2023,0,'2023-11-10',0,0,0,0,'0000-00-00',0),(13,258,'2023-10-10','Jones','TOMATINHO','MARCOS GOMES DA SILVA JUNIOR','ATIVO',10,10,2023,0,'2023-11-10',0,0,0,0,'0000-00-00',0),(14,256,'2023-10-10','Jones','','MARCOS ANTONIO SCAVASSA','ATIVO',10,10,2023,0,'2023-11-10',0,0,0,0,'0000-00-00',0),(15,255,'2023-10-10','Jones','','MARCO JOSE TEIXEIRA','ATIVO',10,10,2023,0,'2023-11-10',0,0,0,0,'0000-00-00',0),(16,254,'2023-10-10','Jones','','MARCO AURELIO RAMOS','ATIVO',10,10,2023,0,'2023-11-10',0,0,0,0,'0000-00-00',0),(17,252,'2023-10-10','Jones','ROCHINHA','MARCO ANTONIO ROCHA','ATIVO',10,10,2023,0,'2023-11-10',0,0,0,0,'0000-00-00',0),(18,251,'2023-10-10','Jones','MARQUINHO GOLEIRO','MARCO ANTONIO BARBOSA NEVES','ATIVO',10,10,2023,0,'2023-11-10',0,0,0,0,'0000-00-00',0),(19,249,'2023-10-10','Jones','MARCINHO','MARCIO ALENCAR AZEVEDO ','ATIVO',10,10,2023,0,'2023-11-10',0,0,0,0,'0000-00-00',0),(20,247,'2023-10-10','Jones','','LUIZ MARCOS SANTOS DOMINGOS','ATIVO',10,10,2023,0,'2023-11-10',0,0,0,0,'0000-00-00',0),(21,246,'2023-10-10','Jones','','LUCIANO GONÇALVES ROCHA','ATIVO',10,10,2023,0,'2023-11-10',0,0,0,0,'0000-00-00',0),(22,244,'2023-10-10','Jones','TOTA','LEANDRO SOUZA DA SILVA','ATIVO',10,10,2023,0,'2023-11-10',0,0,0,0,'0000-00-00',0),(23,243,'2023-10-10','Jones','NEGUINHO','LEANDRO APARECIDO DE OLIVEIRA','ATIVO',10,10,2023,0,'2023-11-10',0,0,0,0,'0000-00-00',0),(24,242,'2023-10-10','Jones','PTIBULL','LAÉRCIO MARTINS ','ATIVO',10,10,2023,0,'2023-11-10',0,0,0,0,'0000-00-00',0),(25,236,'2023-10-10','Jones','','JOSÉ CARLOS DOS SANTOS','ATIVO',10,10,2023,0,'2023-11-10',0,0,0,0,'0000-00-00',0),(26,235,'2023-10-10','Jones','LINCOLH','JOSE ANTONIO DIAS','ATIVO',10,10,2023,0,'2023-11-10',0,0,0,0,'0000-00-00',0),(27,233,'2023-10-10','Jones','BATATA','JONES RODRIGUES DOS SANTOS','ATIVO',10,10,2023,0,'2023-11-10',0,0,0,0,'0000-00-00',0),(28,232,'2023-10-10','Jones','BICUDO','JOÃO NILSON','ATIVO',10,10,2023,0,'2023-11-10',0,0,0,0,'0000-00-00',0),(29,231,'2023-10-10','Jones','','JOÃO CARLOS RODRIGUES DE SOUZA','ATIVO',10,10,2023,0,'2023-11-10',0,0,0,0,'0000-00-00',0),(30,230,'2023-10-10','Jones','PAQUINHA','JOÃO BATISTA DO NASCIMENTO ','ATIVO',10,10,2023,0,'2023-11-10',0,0,0,0,'0000-00-00',0),(31,227,'2023-10-10','Jones','','JEOVA DA SILVA VRADO','ATIVO',10,10,2023,0,'2023-11-10',0,0,0,0,'0000-00-00',0),(32,226,'2023-10-10','Jones','','JAIR JOAQUIM JOSÉ ARAUJO','ATIVO',10,10,2023,0,'2023-11-10',0,0,0,0,'0000-00-00',0),(33,225,'2023-10-10','Jones','','JAIR ARCE VASQUE','ATIVO',10,10,2023,0,'2023-11-10',0,0,0,0,'0000-00-00',0),(34,224,'2023-10-10','Jones','CARATE','JACSON SALES DE SOUZA ','ATIVO',10,10,2023,0,'2023-11-10',0,0,0,0,'0000-00-00',0),(35,223,'2023-10-10','Jones','','JACKSON ROBERTO COLLIS','ATIVO',10,10,2023,0,'2023-11-10',0,0,0,0,'0000-00-00',0),(36,221,'2023-10-10','Jones','','IVO DOS SANTOS CARVALHO','ATIVO',10,10,2023,0,'2023-11-10',0,0,0,0,'0000-00-00',0),(37,219,'2023-10-10','Jones','','HUMBERTO URBIETA NOGUEIRA','ATIVO',10,10,2023,0,'2023-11-10',0,0,0,0,'0000-00-00',0),(38,218,'2023-10-10','Jones','CANHOTO','HERMINIO AMANCIO DA SILVA','ATIVO',10,10,2023,0,'2023-11-10',0,0,0,0,'0000-00-00',0),(39,217,'2023-10-10','Jones','LÉO','HÉLIO ALVINO DA SILVA','ATIVO',10,10,2023,0,'2023-11-10',0,0,0,0,'0000-00-00',0),(40,213,'2023-10-10','Jones','','FREDINALDO DE SOUZA','ATIVO',10,10,2023,0,'2023-11-10',0,0,0,0,'0000-00-00',0),(41,211,'2023-10-10','Jones','GOLEIRO','FELIPE RODRIGUES SOARES ','ATIVO',10,10,2023,0,'2023-11-10',0,0,0,0,'0000-00-00',0),(42,208,'2023-10-10','Jones','BIM','EWESON LUIZ CARNEIRO MARDEGAN','ATIVO',10,10,2023,0,'2023-11-10',0,0,0,0,'0000-00-00',0),(43,205,'2023-10-10','Jones','','ELEANDRO DE LIMA','ATIVO',10,10,2023,0,'2023-11-10',0,0,0,0,'0000-00-00',0),(44,203,'2023-10-10','Jones','GALILSO','EDIMILSOM MOREIRA DA CRUZ','ATIVO',10,10,2023,0,'2023-11-10',0,0,0,0,'0000-00-00',0),(45,202,'2023-10-10','Jones','','EDILSON MARIA','ATIVO',10,10,2023,0,'2023-11-10',0,0,0,0,'0000-00-00',0),(46,201,'2023-10-10','Jones','GOLEIRO','EDILSON MACEDO DOS SANTOS','ATIVO',10,10,2023,0,'2023-11-10',0,0,0,0,'0000-00-00',0),(47,200,'2023-10-10','Jones','PROFESSOR','DURCIVAL JORGE','ATIVO',10,10,2023,0,'2023-11-10',0,0,0,0,'0000-00-00',0),(48,198,'2023-10-10','Jones','GOLEIRO','DOUGLAS DA SILVA CRUZ','ATIVO',10,10,2023,0,'2023-11-10',0,0,0,0,'0000-00-00',0),(49,197,'2023-10-10','Jones','','DONIZETE CARLOS ALVES','ATIVO',10,10,2023,0,'2023-11-10',0,0,0,0,'0000-00-00',0),(50,196,'2023-10-10','Jones','','DJAMIRO CRUZ','ATIVO',10,10,2023,0,'2023-11-10',0,0,0,0,'0000-00-00',0),(51,195,'2023-10-10','Jones','','DAVID SANTOS DE CARVALHO','ATIVO',10,10,2023,0,'2023-11-10',0,0,0,0,'0000-00-00',0),(52,194,'2023-10-10','Jones','','DAVI LIMA DE CAMPOS JUNIOR','ATIVO',10,10,2023,0,'2023-11-10',0,0,0,0,'0000-00-00',0),(53,192,'2023-10-10','Jones','','DAMERSON VIEIRA CORREIA ','ATIVO',10,10,2023,0,'2023-11-10',0,0,0,0,'0000-00-00',0),(54,190,'2023-10-10','Jones','GOLEIRO','COSTINHA','ATIVO',10,10,2023,0,'2023-11-10',0,0,0,0,'0000-00-00',0),(55,189,'2023-10-10','Jones','','COSMO REGINALDO VICENTE DA SILVA','ATIVO',10,10,2023,0,'2023-11-10',0,0,0,0,'0000-00-00',0),(56,188,'2023-10-10','Jones','','CLEBER CARVALHO FLORES','ATIVO',10,10,2023,0,'2023-11-10',0,0,0,0,'0000-00-00',0),(57,185,'2023-10-10','Jones','','CICERO ALVES RIBEIRO','ATIVO',10,10,2023,0,'2023-11-10',0,0,0,0,'0000-00-00',0),(58,184,'2023-10-10','Jones','','CEZAR BENITEZ','ATIVO',10,10,2023,0,'2023-11-10',0,0,0,0,'0000-00-00',0),(59,182,'2023-10-10','Jones','TECA','CELSO MATOSO DE FREITAS ','ATIVO',10,10,2023,0,'2023-11-10',0,0,0,0,'0000-00-00',0),(60,179,'2023-10-10','Jones','LOBOZINHO','ATAIR APARECIDO GONÇAVES','ATIVO',10,10,2023,0,'2023-11-10',0,0,0,0,'0000-00-00',0),(61,178,'2023-10-10','Jones','PAJÉ','ATAIDE NASCIMENTO MARTINS','ATIVO',10,10,2023,0,'2023-11-10',0,0,0,0,'0000-00-00',0),(62,177,'2023-10-10','Jones','','ATAIDE FELICIANO','ATIVO',10,10,2023,0,'2023-11-10',0,0,0,0,'0000-00-00',0),(63,176,'2023-10-10','Jones','DIEGO','ARNALDO DIEGO BRAGA VALENSUELA','ATIVO',10,10,2023,0,'2023-11-10',0,0,0,0,'0000-00-00',0),(64,175,'2023-10-10','Jones','SCHUMACHER','ARIOVALDO MARTINS NEVES','ATIVO',10,10,2023,0,'2023-11-10',0,0,0,0,'0000-00-00',0),(65,174,'2023-10-10','Jones','PARAGUAIO','ARIOVALDO BARROS MARTINS','ATIVO',10,10,2023,0,'2023-11-10',0,0,0,0,'0000-00-00',0),(66,173,'2023-10-10','Jones','','AQUINO FELICIANO','ATIVO',10,10,2023,0,'2023-11-10',0,0,0,0,'0000-00-00',0),(67,172,'2023-10-10','Jones','PROFESSOR','APARECIDO DE SOUZA','ATIVO',10,10,2023,0,'2023-11-10',0,0,0,0,'0000-00-00',0),(68,170,'2023-10-10','Jones','SERGINHO','ANTONIO SERGIO PEREIRA','ATIVO',10,10,2023,0,'2023-11-10',0,0,0,0,'0000-00-00',0),(69,169,'2023-10-10','Jones','PAULO DA FAZ','ANTONIO PAULO DA SILVA','ATIVO',10,10,2023,0,'2023-11-10',0,0,0,0,'0000-00-00',0),(70,166,'2023-10-10','Jones','LEITEIRO','ANTONIO CELSO RODRIGUES DA SILVA JUNIOR','ATIVO',10,10,2023,0,'2023-11-10',0,0,0,0,'0000-00-00',0),(71,165,'2023-10-10','Jones','BUGÃO','ANTONIO ALMEIDA CORREA ','ATIVO',10,10,2023,0,'2023-11-10',0,0,0,0,'0000-00-00',0),(72,163,'2023-10-10','Jones','GOLEIRO','ANDRÉ LUIZ MOELMANN','ATIVO',10,10,2023,0,'2023-11-10',0,0,0,0,'0000-00-00',0),(73,160,'2023-10-10','Jones','','ALLAN JOHNNY DE OLIVEIRA SANTOS','ATIVO',10,10,2023,0,'2023-11-10',0,0,0,0,'0000-00-00',0),(74,157,'2023-10-10','Jones','RONALDINHO','AILTON JOSÉ DA CRUZ ','ATIVO',10,10,2023,0,'2023-11-10',0,0,0,0,'0000-00-00',0),(75,154,'2023-10-10','Jones','DININHO','ADENIR ALMEIDA CORREA','ATIVO',10,10,2023,0,'2023-11-10',0,0,0,0,'0000-00-00',0),(76,153,'2023-10-10','Jones','','ADEMIR LUIZ GUARDA','ATIVO',10,10,2023,0,'2023-11-10',0,0,0,0,'0000-00-00',0),(77,272,'2023-10-10','Jones','BORRACHA','RADAMÉS DA SILVA DE JESUS','ATIVO',10,10,2023,0,'2023-11-10',0,0,0,0,'0000-00-00',0),(78,273,'2023-10-10','Jones','RAMÃOZINHO','RAMÃO EDSON MARTINS DAS NEVES','ATIVO',10,10,2023,0,'2023-11-10',0,0,0,0,'0000-00-00',0),(79,274,'2023-10-10','Jones','','RICARDO PLACIDO DE OLIVEIRA','ATIVO',10,10,2023,0,'2023-11-10',0,0,0,0,'0000-00-00',0),(80,276,'2023-10-10','Jones','ROBERTINHO','ROBERTO JOSÉ DA SILVA ','ATIVO',10,10,2023,0,'2023-11-10',0,0,0,0,'0000-00-00',0),(81,277,'2023-10-10','Jones','BETINHO','ROBERTO OLIVEIRA DE ALMEIDA','ATIVO',10,10,2023,0,'2023-11-10',0,0,0,0,'0000-00-00',0),(82,278,'2023-10-10','Jones','','RODRIGO QUELUZ DA SILVA','ATIVO',10,10,2023,0,'2023-11-10',0,0,0,0,'0000-00-00',0),(83,279,'2023-10-10','Jones','','RONEI BENTO COUTINHO','ATIVO',10,10,2023,0,'2023-11-10',0,0,0,0,'0000-00-00',0),(84,280,'2023-10-10','Jones','TUTI','ROSANGELO CUEVA ','ATIVO',10,10,2023,0,'2023-11-10',0,0,0,0,'0000-00-00',0),(85,281,'2023-10-10','Jones','','SAMUEL BECH DE OLIVEIRA','ATIVO',10,10,2023,0,'2023-11-10',0,0,0,0,'0000-00-00',0),(86,282,'2023-10-10','Jones','TIÃO','SEBASTIÃO FELICIANO','ATIVO',10,10,2023,0,'2023-11-10',0,0,0,0,'0000-00-00',0),(87,283,'2023-10-10','Jones','BETO','SERGIO BALDEZ DA SILVA ','ATIVO',10,10,2023,0,'2023-11-10',0,0,0,0,'0000-00-00',0),(88,284,'2023-10-10','Jones','','SÉRGIO JOSÉ DE LIMA ','ATIVO',10,10,2023,0,'2023-11-10',0,0,0,0,'0000-00-00',0),(89,285,'2023-10-10','Jones','NEY','SIDINEI PEREIRA DA SILVA ','ATIVO',10,10,2023,0,'2023-11-10',0,0,0,0,'0000-00-00',0),(90,287,'2023-10-10','Jones','','SILVANO VICENTE MARTINS','ATIVO',10,10,2023,0,'2023-11-10',0,0,0,0,'0000-00-00',0),(91,288,'2023-10-10','Jones','','SIMAR DE OLIVEIRA MARQUES','ATIVO',10,10,2023,0,'2023-11-10',0,0,0,0,'0000-00-00',0),(92,291,'2023-10-10','Jones','MIRO','VALDOMIRO TAVEIRA MESSIAS DE PAULA','ATIVO',10,10,2023,0,'2023-11-10',0,0,0,0,'0000-00-00',0),(93,292,'2023-10-10','Jones','GOLEIRO','VALTER CLAUDINO DA SILVA ','ATIVO',10,10,2023,0,'2023-11-10',0,0,0,0,'0000-00-00',0),(94,298,'2023-10-10','Jones','KÓY','WANDERSON LEITE NEVES','ATIVO',10,10,2023,0,'2023-11-10',0,0,0,0,'0000-00-00',0),(95,299,'2023-10-10','Jones','DEDI','WEDER GARCIA ARANTES','ATIVO',10,10,2023,0,'2023-11-10',0,0,0,0,'0000-00-00',0),(96,300,'2023-10-10','Jones','COMPADRE','WELITON QUELUZ DURAND ','ATIVO',10,10,2023,0,'2023-11-10',0,0,0,0,'0000-00-00',0),(97,1,'2023-10-10','Jones','Jones','','ATIVO',10,11,2023,0,'2023-12-10',0,0,0,0,'0000-00-00',0),(98,271,'2023-10-10','Jones','','PEDRO HENRIQUE SANTOS GARCIA','ATIVO',10,11,2023,0,'2023-12-10',0,0,0,0,'0000-00-00',0),(99,270,'2023-10-10','Jones','','PAULO SERGIO BELLO','ATIVO',10,11,2023,0,'2023-12-10',0,0,0,0,'0000-00-00',0),(100,269,'2023-10-10','Jones','','OSVALDO DO CARMO ROSA','ATIVO',10,11,2023,0,'2023-12-10',0,0,0,0,'0000-00-00',0),(101,266,'2023-10-10','Jones','RICARDO','NAZARENO RICARDO REIS FRAGA ','ATIVO',10,11,2023,0,'2023-12-10',0,0,0,0,'0000-00-00',0),(102,264,'2023-10-10','Jones','GOLEIRO','MIGUEL ALMEIDA DE SOUZA DA CRUZ','ATIVO',10,11,2023,0,'2023-12-10',0,0,0,0,'0000-00-00',0),(103,262,'2023-10-10','Jones','PROFESSOR','MAXIMO FONTEBASSE FERREIRA ','ATIVO',10,11,2023,0,'2023-12-10',0,0,0,0,'0000-00-00',0),(104,261,'2023-10-10','Jones','MAX','MAXIMIANO GALVÃO NEVES ','ATIVO',10,11,2023,0,'2023-12-10',0,0,0,0,'0000-00-00',0),(105,260,'2023-10-10','Jones','GOLEIRO','MAURO CESAR DE OLIVEIRA FERRAZ','ATIVO',10,11,2023,0,'2023-12-10',0,0,0,0,'0000-00-00',0),(106,258,'2023-10-10','Jones','TOMATINHO','MARCOS GOMES DA SILVA JUNIOR','ATIVO',10,11,2023,0,'2023-12-10',0,0,0,0,'0000-00-00',0),(107,256,'2023-10-10','Jones','','MARCOS ANTONIO SCAVASSA','ATIVO',10,11,2023,0,'2023-12-10',0,0,0,0,'0000-00-00',0),(108,255,'2023-10-10','Jones','','MARCO JOSE TEIXEIRA','ATIVO',10,11,2023,0,'2023-12-10',0,0,0,0,'0000-00-00',0),(109,254,'2023-10-10','Jones','','MARCO AURELIO RAMOS','ATIVO',10,11,2023,0,'2023-12-10',0,0,0,0,'0000-00-00',0),(110,252,'2023-10-10','Jones','ROCHINHA','MARCO ANTONIO ROCHA','ATIVO',10,11,2023,0,'2023-12-10',0,0,0,0,'0000-00-00',0),(111,251,'2023-10-10','Jones','MARQUINHO GOLEIRO','MARCO ANTONIO BARBOSA NEVES','ATIVO',10,11,2023,0,'2023-12-10',0,0,0,0,'0000-00-00',0),(112,249,'2023-10-10','Jones','MARCINHO','MARCIO ALENCAR AZEVEDO ','ATIVO',10,11,2023,0,'2023-12-10',0,0,0,0,'0000-00-00',0),(113,247,'2023-10-10','Jones','','LUIZ MARCOS SANTOS DOMINGOS','ATIVO',10,11,2023,0,'2023-12-10',0,0,0,0,'0000-00-00',0),(114,246,'2023-10-10','Jones','','LUCIANO GONÇALVES ROCHA','ATIVO',10,11,2023,0,'2023-12-10',0,0,0,0,'0000-00-00',0),(115,244,'2023-10-10','Jones','TOTA','LEANDRO SOUZA DA SILVA','ATIVO',10,11,2023,0,'2023-12-10',0,0,0,0,'0000-00-00',0),(116,243,'2023-10-10','Jones','NEGUINHO','LEANDRO APARECIDO DE OLIVEIRA','ATIVO',10,11,2023,0,'2023-12-10',0,0,0,0,'0000-00-00',0),(117,242,'2023-10-10','Jones','PTIBULL','LAÉRCIO MARTINS ','ATIVO',10,11,2023,0,'2023-12-10',0,0,0,0,'0000-00-00',0),(118,236,'2023-10-10','Jones','','JOSÉ CARLOS DOS SANTOS','ATIVO',10,11,2023,0,'2023-12-10',0,0,0,0,'0000-00-00',0),(119,235,'2023-10-10','Jones','LINCOLH','JOSE ANTONIO DIAS','ATIVO',10,11,2023,0,'2023-12-10',0,0,0,0,'0000-00-00',0),(120,233,'2023-10-10','Jones','BATATA','JONES RODRIGUES DOS SANTOS','ATIVO',10,11,2023,0,'2023-12-10',0,0,0,0,'0000-00-00',0),(121,232,'2023-10-10','Jones','BICUDO','JOÃO NILSON','ATIVO',10,11,2023,0,'2023-12-10',0,0,0,0,'0000-00-00',0),(122,231,'2023-10-10','Jones','','JOÃO CARLOS RODRIGUES DE SOUZA','ATIVO',10,11,2023,0,'2023-12-10',0,0,0,0,'0000-00-00',0),(123,230,'2023-10-10','Jones','PAQUINHA','JOÃO BATISTA DO NASCIMENTO ','ATIVO',10,11,2023,0,'2023-12-10',0,0,0,0,'0000-00-00',0),(124,227,'2023-10-10','Jones','','JEOVA DA SILVA VRADO','ATIVO',10,11,2023,0,'2023-12-10',0,0,0,0,'0000-00-00',0),(125,226,'2023-10-10','Jones','','JAIR JOAQUIM JOSÉ ARAUJO','ATIVO',10,11,2023,0,'2023-12-10',0,0,0,0,'0000-00-00',0),(126,225,'2023-10-10','Jones','','JAIR ARCE VASQUE','ATIVO',10,11,2023,0,'2023-12-10',0,0,0,0,'0000-00-00',0),(127,224,'2023-10-10','Jones','CARATE','JACSON SALES DE SOUZA ','ATIVO',10,11,2023,0,'2023-12-10',0,0,0,0,'0000-00-00',0),(128,223,'2023-10-10','Jones','','JACKSON ROBERTO COLLIS','ATIVO',10,11,2023,0,'2023-12-10',0,0,0,0,'0000-00-00',0),(129,221,'2023-10-10','Jones','','IVO DOS SANTOS CARVALHO','ATIVO',10,11,2023,0,'2023-12-10',0,0,0,0,'0000-00-00',0),(130,219,'2023-10-10','Jones','','HUMBERTO URBIETA NOGUEIRA','ATIVO',10,11,2023,0,'2023-12-10',0,0,0,0,'0000-00-00',0),(131,218,'2023-10-10','Jones','CANHOTO','HERMINIO AMANCIO DA SILVA','ATIVO',10,11,2023,0,'2023-12-10',0,0,0,0,'0000-00-00',0),(132,217,'2023-10-10','Jones','LÉO','HÉLIO ALVINO DA SILVA','ATIVO',10,11,2023,0,'2023-12-10',0,0,0,0,'0000-00-00',0),(133,213,'2023-10-10','Jones','','FREDINALDO DE SOUZA','ATIVO',10,11,2023,0,'2023-12-10',0,0,0,0,'0000-00-00',0),(134,211,'2023-10-10','Jones','GOLEIRO','FELIPE RODRIGUES SOARES ','ATIVO',10,11,2023,0,'2023-12-10',0,0,0,0,'0000-00-00',0),(135,208,'2023-10-10','Jones','BIM','EWESON LUIZ CARNEIRO MARDEGAN','ATIVO',10,11,2023,0,'2023-12-10',0,0,0,0,'0000-00-00',0),(136,205,'2023-10-10','Jones','','ELEANDRO DE LIMA','ATIVO',10,11,2023,0,'2023-12-10',0,0,0,0,'0000-00-00',0),(137,203,'2023-10-10','Jones','GALILSO','EDIMILSOM MOREIRA DA CRUZ','ATIVO',10,11,2023,0,'2023-12-10',0,0,0,0,'0000-00-00',0),(138,202,'2023-10-10','Jones','','EDILSON MARIA','ATIVO',10,11,2023,0,'2023-12-10',0,0,0,0,'0000-00-00',0),(139,201,'2023-10-10','Jones','GOLEIRO','EDILSON MACEDO DOS SANTOS','ATIVO',10,11,2023,0,'2023-12-10',0,0,0,0,'0000-00-00',0),(140,200,'2023-10-10','Jones','PROFESSOR','DURCIVAL JORGE','ATIVO',10,11,2023,0,'2023-12-10',0,0,0,0,'0000-00-00',0),(141,198,'2023-10-10','Jones','GOLEIRO','DOUGLAS DA SILVA CRUZ','ATIVO',10,11,2023,0,'2023-12-10',0,0,0,0,'0000-00-00',0),(142,197,'2023-10-10','Jones','','DONIZETE CARLOS ALVES','ATIVO',10,11,2023,0,'2023-12-10',0,0,0,0,'0000-00-00',0),(143,196,'2023-10-10','Jones','','DJAMIRO CRUZ','ATIVO',10,11,2023,0,'2023-12-10',0,0,0,0,'0000-00-00',0),(144,195,'2023-10-10','Jones','','DAVID SANTOS DE CARVALHO','ATIVO',10,11,2023,0,'2023-12-10',0,0,0,0,'0000-00-00',0),(145,194,'2023-10-10','Jones','','DAVI LIMA DE CAMPOS JUNIOR','ATIVO',10,11,2023,0,'2023-12-10',0,0,0,0,'0000-00-00',0),(146,192,'2023-10-10','Jones','','DAMERSON VIEIRA CORREIA ','ATIVO',10,11,2023,0,'2023-12-10',0,0,0,0,'0000-00-00',0),(147,190,'2023-10-10','Jones','GOLEIRO','COSTINHA','ATIVO',10,11,2023,0,'2023-12-10',0,0,0,0,'0000-00-00',0),(148,189,'2023-10-10','Jones','','COSMO REGINALDO VICENTE DA SILVA','ATIVO',10,11,2023,0,'2023-12-10',0,0,0,0,'0000-00-00',0),(149,188,'2023-10-10','Jones','','CLEBER CARVALHO FLORES','ATIVO',10,11,2023,0,'2023-12-10',0,0,0,0,'0000-00-00',0),(150,185,'2023-10-10','Jones','','CICERO ALVES RIBEIRO','ATIVO',10,11,2023,0,'2023-12-10',0,0,0,0,'0000-00-00',0),(151,184,'2023-10-10','Jones','','CEZAR BENITEZ','ATIVO',10,11,2023,0,'2023-12-10',0,0,0,0,'0000-00-00',0),(152,182,'2023-10-10','Jones','TECA','CELSO MATOSO DE FREITAS ','ATIVO',10,11,2023,0,'2023-12-10',0,0,0,0,'0000-00-00',0),(153,179,'2023-10-10','Jones','LOBOZINHO','ATAIR APARECIDO GONÇAVES','ATIVO',10,11,2023,0,'2023-12-10',0,0,0,0,'0000-00-00',0),(154,178,'2023-10-10','Jones','PAJÉ','ATAIDE NASCIMENTO MARTINS','ATIVO',10,11,2023,0,'2023-12-10',0,0,0,0,'0000-00-00',0),(155,177,'2023-10-10','Jones','','ATAIDE FELICIANO','ATIVO',10,11,2023,0,'2023-12-10',0,0,0,0,'0000-00-00',0),(156,176,'2023-10-10','Jones','DIEGO','ARNALDO DIEGO BRAGA VALENSUELA','ATIVO',10,11,2023,0,'2023-12-10',0,0,0,0,'0000-00-00',0),(157,175,'2023-10-10','Jones','SCHUMACHER','ARIOVALDO MARTINS NEVES','ATIVO',10,11,2023,0,'2023-12-10',0,0,0,0,'0000-00-00',0),(158,174,'2023-10-10','Jones','PARAGUAIO','ARIOVALDO BARROS MARTINS','ATIVO',10,11,2023,0,'2023-12-10',0,0,0,0,'0000-00-00',0),(159,173,'2023-10-10','Jones','','AQUINO FELICIANO','ATIVO',10,11,2023,0,'2023-12-10',0,0,0,0,'0000-00-00',0),(160,172,'2023-10-10','Jones','PROFESSOR','APARECIDO DE SOUZA','ATIVO',10,11,2023,0,'2023-12-10',0,0,0,0,'0000-00-00',0),(161,170,'2023-10-10','Jones','SERGINHO','ANTONIO SERGIO PEREIRA','ATIVO',10,11,2023,0,'2023-12-10',0,0,0,0,'0000-00-00',0),(162,169,'2023-10-10','Jones','PAULO DA FAZ','ANTONIO PAULO DA SILVA','ATIVO',10,11,2023,0,'2023-12-10',0,0,0,0,'0000-00-00',0),(163,166,'2023-10-10','Jones','LEITEIRO','ANTONIO CELSO RODRIGUES DA SILVA JUNIOR','ATIVO',10,11,2023,0,'2023-12-10',0,0,0,0,'0000-00-00',0),(164,165,'2023-10-10','Jones','BUGÃO','ANTONIO ALMEIDA CORREA ','ATIVO',10,11,2023,0,'2023-12-10',0,0,0,0,'0000-00-00',0),(165,163,'2023-10-10','Jones','GOLEIRO','ANDRÉ LUIZ MOELMANN','ATIVO',10,11,2023,0,'2023-12-10',0,0,0,0,'0000-00-00',0),(166,160,'2023-10-10','Jones','','ALLAN JOHNNY DE OLIVEIRA SANTOS','ATIVO',10,11,2023,0,'2023-12-10',0,0,0,0,'0000-00-00',0),(167,157,'2023-10-10','Jones','RONALDINHO','AILTON JOSÉ DA CRUZ ','ATIVO',10,11,2023,0,'2023-12-10',0,0,0,0,'0000-00-00',0),(168,154,'2023-10-10','Jones','DININHO','ADENIR ALMEIDA CORREA','ATIVO',10,11,2023,0,'2023-12-10',0,0,0,0,'0000-00-00',0),(169,153,'2023-10-10','Jones','','ADEMIR LUIZ GUARDA','ATIVO',10,11,2023,0,'2023-12-10',0,0,0,0,'0000-00-00',0),(170,272,'2023-10-10','Jones','BORRACHA','RADAMÉS DA SILVA DE JESUS','ATIVO',10,11,2023,0,'2023-12-10',0,0,0,0,'0000-00-00',0),(171,273,'2023-10-10','Jones','RAMÃOZINHO','RAMÃO EDSON MARTINS DAS NEVES','ATIVO',10,11,2023,0,'2023-12-10',0,0,0,0,'0000-00-00',0),(172,274,'2023-10-10','Jones','','RICARDO PLACIDO DE OLIVEIRA','ATIVO',10,11,2023,0,'2023-12-10',0,0,0,0,'0000-00-00',0),(173,276,'2023-10-10','Jones','ROBERTINHO','ROBERTO JOSÉ DA SILVA ','ATIVO',10,11,2023,0,'2023-12-10',0,0,0,0,'0000-00-00',0),(174,277,'2023-10-10','Jones','BETINHO','ROBERTO OLIVEIRA DE ALMEIDA','ATIVO',10,11,2023,0,'2023-12-10',0,0,0,0,'0000-00-00',0),(175,278,'2023-10-10','Jones','','RODRIGO QUELUZ DA SILVA','ATIVO',10,11,2023,0,'2023-12-10',0,0,0,0,'0000-00-00',0),(176,279,'2023-10-10','Jones','','RONEI BENTO COUTINHO','ATIVO',10,11,2023,0,'2023-12-10',0,0,0,0,'0000-00-00',0),(177,280,'2023-10-10','Jones','TUTI','ROSANGELO CUEVA ','ATIVO',10,11,2023,0,'2023-12-10',0,0,0,0,'0000-00-00',0),(178,281,'2023-10-10','Jones','','SAMUEL BECH DE OLIVEIRA','ATIVO',10,11,2023,0,'2023-12-10',0,0,0,0,'0000-00-00',0),(179,282,'2023-10-10','Jones','TIÃO','SEBASTIÃO FELICIANO','ATIVO',10,11,2023,0,'2023-12-10',0,0,0,0,'0000-00-00',0),(180,283,'2023-10-10','Jones','BETO','SERGIO BALDEZ DA SILVA ','ATIVO',10,11,2023,0,'2023-12-10',0,0,0,0,'0000-00-00',0),(181,284,'2023-10-10','Jones','','SÉRGIO JOSÉ DE LIMA ','ATIVO',10,11,2023,0,'2023-12-10',0,0,0,0,'0000-00-00',0),(182,285,'2023-10-10','Jones','NEY','SIDINEI PEREIRA DA SILVA ','ATIVO',10,11,2023,0,'2023-12-10',0,0,0,0,'0000-00-00',0),(183,287,'2023-10-10','Jones','','SILVANO VICENTE MARTINS','ATIVO',10,11,2023,0,'2023-12-10',0,0,0,0,'0000-00-00',0),(184,288,'2023-10-10','Jones','','SIMAR DE OLIVEIRA MARQUES','ATIVO',10,11,2023,0,'2023-12-10',0,0,0,0,'0000-00-00',0),(185,291,'2023-10-10','Jones','MIRO','VALDOMIRO TAVEIRA MESSIAS DE PAULA','ATIVO',10,11,2023,0,'2023-12-10',0,0,0,0,'0000-00-00',0),(186,292,'2023-10-10','Jones','GOLEIRO','VALTER CLAUDINO DA SILVA ','ATIVO',10,11,2023,0,'2023-12-10',0,0,0,0,'0000-00-00',0),(187,298,'2023-10-10','Jones','KÓY','WANDERSON LEITE NEVES','ATIVO',10,11,2023,0,'2023-12-10',0,0,0,0,'0000-00-00',0),(188,299,'2023-10-10','Jones','DEDI','WEDER GARCIA ARANTES','ATIVO',10,11,2023,0,'2023-12-10',0,0,0,0,'0000-00-00',0),(189,300,'2023-10-10','Jones','COMPADRE','WELITON QUELUZ DURAND ','ATIVO',10,11,2023,0,'2023-12-10',0,0,0,0,'0000-00-00',0),(190,1,'2023-10-10','Jones','Jones','','ATIVO',10,12,2023,0,'2024-01-10',0,0,0,0,'0000-00-00',0),(191,271,'2023-10-10','Jones','','PEDRO HENRIQUE SANTOS GARCIA','ATIVO',10,12,2023,0,'2024-01-10',0,0,0,0,'0000-00-00',0),(192,270,'2023-10-10','Jones','','PAULO SERGIO BELLO','ATIVO',10,12,2023,0,'2024-01-10',0,0,0,0,'0000-00-00',0),(193,269,'2023-10-10','Jones','','OSVALDO DO CARMO ROSA','ATIVO',10,12,2023,0,'2024-01-10',0,0,0,0,'0000-00-00',0),(194,266,'2023-10-10','Jones','RICARDO','NAZARENO RICARDO REIS FRAGA ','ATIVO',10,12,2023,0,'2024-01-10',0,0,0,0,'0000-00-00',0),(195,264,'2023-10-10','Jones','GOLEIRO','MIGUEL ALMEIDA DE SOUZA DA CRUZ','ATIVO',10,12,2023,0,'2024-01-10',0,0,0,0,'0000-00-00',0),(196,262,'2023-10-10','Jones','PROFESSOR','MAXIMO FONTEBASSE FERREIRA ','ATIVO',10,12,2023,0,'2024-01-10',0,0,0,0,'0000-00-00',0),(197,261,'2023-10-10','Jones','MAX','MAXIMIANO GALVÃO NEVES ','ATIVO',10,12,2023,0,'2024-01-10',0,0,0,0,'0000-00-00',0),(198,260,'2023-10-10','Jones','GOLEIRO','MAURO CESAR DE OLIVEIRA FERRAZ','ATIVO',10,12,2023,0,'2024-01-10',0,0,0,0,'0000-00-00',0),(199,258,'2023-10-10','Jones','TOMATINHO','MARCOS GOMES DA SILVA JUNIOR','ATIVO',10,12,2023,0,'2024-01-10',0,0,0,0,'0000-00-00',0),(200,256,'2023-10-10','Jones','','MARCOS ANTONIO SCAVASSA','ATIVO',10,12,2023,0,'2024-01-10',0,0,0,0,'0000-00-00',0),(201,255,'2023-10-10','Jones','','MARCO JOSE TEIXEIRA','ATIVO',10,12,2023,0,'2024-01-10',0,0,0,0,'0000-00-00',0),(202,254,'2023-10-10','Jones','','MARCO AURELIO RAMOS','ATIVO',10,12,2023,0,'2024-01-10',0,0,0,0,'0000-00-00',0),(203,252,'2023-10-10','Jones','ROCHINHA','MARCO ANTONIO ROCHA','ATIVO',10,12,2023,0,'2024-01-10',0,0,0,0,'0000-00-00',0),(204,251,'2023-10-10','Jones','MARQUINHO GOLEIRO','MARCO ANTONIO BARBOSA NEVES','ATIVO',10,12,2023,0,'2024-01-10',0,0,0,0,'0000-00-00',0),(205,249,'2023-10-10','Jones','MARCINHO','MARCIO ALENCAR AZEVEDO ','ATIVO',10,12,2023,0,'2024-01-10',0,0,0,0,'0000-00-00',0),(206,247,'2023-10-10','Jones','','LUIZ MARCOS SANTOS DOMINGOS','ATIVO',10,12,2023,0,'2024-01-10',0,0,0,0,'0000-00-00',0),(207,246,'2023-10-10','Jones','','LUCIANO GONÇALVES ROCHA','ATIVO',10,12,2023,0,'2024-01-10',0,0,0,0,'0000-00-00',0),(208,244,'2023-10-10','Jones','TOTA','LEANDRO SOUZA DA SILVA','ATIVO',10,12,2023,0,'2024-01-10',0,0,0,0,'0000-00-00',0),(209,243,'2023-10-10','Jones','NEGUINHO','LEANDRO APARECIDO DE OLIVEIRA','ATIVO',10,12,2023,0,'2024-01-10',0,0,0,0,'0000-00-00',0),(210,242,'2023-10-10','Jones','PTIBULL','LAÉRCIO MARTINS ','ATIVO',10,12,2023,0,'2024-01-10',0,0,0,0,'0000-00-00',0),(211,236,'2023-10-10','Jones','','JOSÉ CARLOS DOS SANTOS','ATIVO',10,12,2023,0,'2024-01-10',0,0,0,0,'0000-00-00',0),(212,235,'2023-10-10','Jones','LINCOLH','JOSE ANTONIO DIAS','ATIVO',10,12,2023,0,'2024-01-10',0,0,0,0,'0000-00-00',0),(213,233,'2023-10-10','Jones','BATATA','JONES RODRIGUES DOS SANTOS','ATIVO',10,12,2023,0,'2024-01-10',0,0,0,0,'0000-00-00',0),(214,232,'2023-10-10','Jones','BICUDO','JOÃO NILSON','ATIVO',10,12,2023,0,'2024-01-10',0,0,0,0,'0000-00-00',0),(215,231,'2023-10-10','Jones','','JOÃO CARLOS RODRIGUES DE SOUZA','ATIVO',10,12,2023,0,'2024-01-10',0,0,0,0,'0000-00-00',0),(216,230,'2023-10-10','Jones','PAQUINHA','JOÃO BATISTA DO NASCIMENTO ','ATIVO',10,12,2023,0,'2024-01-10',0,0,0,0,'0000-00-00',0),(217,227,'2023-10-10','Jones','','JEOVA DA SILVA VRADO','ATIVO',10,12,2023,0,'2024-01-10',0,0,0,0,'0000-00-00',0),(218,226,'2023-10-10','Jones','','JAIR JOAQUIM JOSÉ ARAUJO','ATIVO',10,12,2023,0,'2024-01-10',0,0,0,0,'0000-00-00',0),(219,225,'2023-10-10','Jones','','JAIR ARCE VASQUE','ATIVO',10,12,2023,0,'2024-01-10',0,0,0,0,'0000-00-00',0),(220,224,'2023-10-10','Jones','CARATE','JACSON SALES DE SOUZA ','ATIVO',10,12,2023,0,'2024-01-10',0,0,0,0,'0000-00-00',0),(221,223,'2023-10-10','Jones','','JACKSON ROBERTO COLLIS','ATIVO',10,12,2023,0,'2024-01-10',0,0,0,0,'0000-00-00',0),(222,221,'2023-10-10','Jones','','IVO DOS SANTOS CARVALHO','ATIVO',10,12,2023,0,'2024-01-10',0,0,0,0,'0000-00-00',0),(223,219,'2023-10-10','Jones','','HUMBERTO URBIETA NOGUEIRA','ATIVO',10,12,2023,0,'2024-01-10',0,0,0,0,'0000-00-00',0),(224,218,'2023-10-10','Jones','CANHOTO','HERMINIO AMANCIO DA SILVA','ATIVO',10,12,2023,0,'2024-01-10',0,0,0,0,'0000-00-00',0),(225,217,'2023-10-10','Jones','LÉO','HÉLIO ALVINO DA SILVA','ATIVO',10,12,2023,0,'2024-01-10',0,0,0,0,'0000-00-00',0),(226,213,'2023-10-10','Jones','','FREDINALDO DE SOUZA','ATIVO',10,12,2023,0,'2024-01-10',0,0,0,0,'0000-00-00',0),(227,211,'2023-10-10','Jones','GOLEIRO','FELIPE RODRIGUES SOARES ','ATIVO',10,12,2023,0,'2024-01-10',0,0,0,0,'0000-00-00',0),(228,208,'2023-10-10','Jones','BIM','EWESON LUIZ CARNEIRO MARDEGAN','ATIVO',10,12,2023,0,'2024-01-10',0,0,0,0,'0000-00-00',0),(229,205,'2023-10-10','Jones','','ELEANDRO DE LIMA','ATIVO',10,12,2023,0,'2024-01-10',0,0,0,0,'0000-00-00',0),(230,203,'2023-10-10','Jones','GALILSO','EDIMILSOM MOREIRA DA CRUZ','ATIVO',10,12,2023,0,'2024-01-10',0,0,0,0,'0000-00-00',0),(231,202,'2023-10-10','Jones','','EDILSON MARIA','ATIVO',10,12,2023,0,'2024-01-10',0,0,0,0,'0000-00-00',0),(232,201,'2023-10-10','Jones','GOLEIRO','EDILSON MACEDO DOS SANTOS','ATIVO',10,12,2023,0,'2024-01-10',0,0,0,0,'0000-00-00',0),(233,200,'2023-10-10','Jones','PROFESSOR','DURCIVAL JORGE','ATIVO',10,12,2023,0,'2024-01-10',0,0,0,0,'0000-00-00',0),(234,198,'2023-10-10','Jones','GOLEIRO','DOUGLAS DA SILVA CRUZ','ATIVO',10,12,2023,0,'2024-01-10',0,0,0,0,'0000-00-00',0),(235,197,'2023-10-10','Jones','','DONIZETE CARLOS ALVES','ATIVO',10,12,2023,0,'2024-01-10',0,0,0,0,'0000-00-00',0),(236,196,'2023-10-10','Jones','','DJAMIRO CRUZ','ATIVO',10,12,2023,0,'2024-01-10',0,0,0,0,'0000-00-00',0),(237,195,'2023-10-10','Jones','','DAVID SANTOS DE CARVALHO','ATIVO',10,12,2023,0,'2024-01-10',0,0,0,0,'0000-00-00',0),(238,194,'2023-10-10','Jones','','DAVI LIMA DE CAMPOS JUNIOR','ATIVO',10,12,2023,0,'2024-01-10',0,0,0,0,'0000-00-00',0),(239,192,'2023-10-10','Jones','','DAMERSON VIEIRA CORREIA ','ATIVO',10,12,2023,0,'2024-01-10',0,0,0,0,'0000-00-00',0),(240,190,'2023-10-10','Jones','GOLEIRO','COSTINHA','ATIVO',10,12,2023,0,'2024-01-10',0,0,0,0,'0000-00-00',0),(241,189,'2023-10-10','Jones','','COSMO REGINALDO VICENTE DA SILVA','ATIVO',10,12,2023,0,'2024-01-10',0,0,0,0,'0000-00-00',0),(242,188,'2023-10-10','Jones','','CLEBER CARVALHO FLORES','ATIVO',10,12,2023,0,'2024-01-10',0,0,0,0,'0000-00-00',0),(243,185,'2023-10-10','Jones','','CICERO ALVES RIBEIRO','ATIVO',10,12,2023,0,'2024-01-10',0,0,0,0,'0000-00-00',0),(244,184,'2023-10-10','Jones','','CEZAR BENITEZ','ATIVO',10,12,2023,0,'2024-01-10',0,0,0,0,'0000-00-00',0),(245,182,'2023-10-10','Jones','TECA','CELSO MATOSO DE FREITAS ','ATIVO',10,12,2023,0,'2024-01-10',0,0,0,0,'0000-00-00',0),(246,179,'2023-10-10','Jones','LOBOZINHO','ATAIR APARECIDO GONÇAVES','ATIVO',10,12,2023,0,'2024-01-10',0,0,0,0,'0000-00-00',0),(247,178,'2023-10-10','Jones','PAJÉ','ATAIDE NASCIMENTO MARTINS','ATIVO',10,12,2023,0,'2024-01-10',0,0,0,0,'0000-00-00',0),(248,177,'2023-10-10','Jones','','ATAIDE FELICIANO','ATIVO',10,12,2023,0,'2024-01-10',0,0,0,0,'0000-00-00',0),(249,176,'2023-10-10','Jones','DIEGO','ARNALDO DIEGO BRAGA VALENSUELA','ATIVO',10,12,2023,0,'2024-01-10',0,0,0,0,'0000-00-00',0),(250,175,'2023-10-10','Jones','SCHUMACHER','ARIOVALDO MARTINS NEVES','ATIVO',10,12,2023,0,'2024-01-10',0,0,0,0,'0000-00-00',0),(251,174,'2023-10-10','Jones','PARAGUAIO','ARIOVALDO BARROS MARTINS','ATIVO',10,12,2023,0,'2024-01-10',0,0,0,0,'0000-00-00',0),(252,173,'2023-10-10','Jones','','AQUINO FELICIANO','ATIVO',10,12,2023,0,'2024-01-10',0,0,0,0,'0000-00-00',0),(253,172,'2023-10-10','Jones','PROFESSOR','APARECIDO DE SOUZA','ATIVO',10,12,2023,0,'2024-01-10',0,0,0,0,'0000-00-00',0),(254,170,'2023-10-10','Jones','SERGINHO','ANTONIO SERGIO PEREIRA','ATIVO',10,12,2023,0,'2024-01-10',0,0,0,0,'0000-00-00',0),(255,169,'2023-10-10','Jones','PAULO DA FAZ','ANTONIO PAULO DA SILVA','ATIVO',10,12,2023,0,'2024-01-10',0,0,0,0,'0000-00-00',0),(256,166,'2023-10-10','Jones','LEITEIRO','ANTONIO CELSO RODRIGUES DA SILVA JUNIOR','ATIVO',10,12,2023,0,'2024-01-10',0,0,0,0,'0000-00-00',0),(257,165,'2023-10-10','Jones','BUGÃO','ANTONIO ALMEIDA CORREA ','ATIVO',10,12,2023,0,'2024-01-10',0,0,0,0,'0000-00-00',0),(258,163,'2023-10-10','Jones','GOLEIRO','ANDRÉ LUIZ MOELMANN','ATIVO',10,12,2023,0,'2024-01-10',0,0,0,0,'0000-00-00',0),(259,160,'2023-10-10','Jones','','ALLAN JOHNNY DE OLIVEIRA SANTOS','ATIVO',10,12,2023,0,'2024-01-10',0,0,0,0,'0000-00-00',0),(260,157,'2023-10-10','Jones','RONALDINHO','AILTON JOSÉ DA CRUZ ','ATIVO',10,12,2023,0,'2024-01-10',0,0,0,0,'0000-00-00',0),(261,154,'2023-10-10','Jones','DININHO','ADENIR ALMEIDA CORREA','ATIVO',10,12,2023,0,'2024-01-10',0,0,0,0,'0000-00-00',0),(262,153,'2023-10-10','Jones','','ADEMIR LUIZ GUARDA','ATIVO',10,12,2023,0,'2024-01-10',0,0,0,0,'0000-00-00',0),(263,272,'2023-10-10','Jones','BORRACHA','RADAMÉS DA SILVA DE JESUS','ATIVO',10,12,2023,0,'2024-01-10',0,0,0,0,'0000-00-00',0),(264,273,'2023-10-10','Jones','RAMÃOZINHO','RAMÃO EDSON MARTINS DAS NEVES','ATIVO',10,12,2023,0,'2024-01-10',0,0,0,0,'0000-00-00',0),(265,274,'2023-10-10','Jones','','RICARDO PLACIDO DE OLIVEIRA','ATIVO',10,12,2023,0,'2024-01-10',0,0,0,0,'0000-00-00',0),(266,276,'2023-10-10','Jones','ROBERTINHO','ROBERTO JOSÉ DA SILVA ','ATIVO',10,12,2023,0,'2024-01-10',0,0,0,0,'0000-00-00',0),(267,277,'2023-10-10','Jones','BETINHO','ROBERTO OLIVEIRA DE ALMEIDA','ATIVO',10,12,2023,0,'2024-01-10',0,0,0,0,'0000-00-00',0),(268,278,'2023-10-10','Jones','','RODRIGO QUELUZ DA SILVA','ATIVO',10,12,2023,0,'2024-01-10',0,0,0,0,'0000-00-00',0),(269,279,'2023-10-10','Jones','','RONEI BENTO COUTINHO','ATIVO',10,12,2023,0,'2024-01-10',0,0,0,0,'0000-00-00',0),(270,280,'2023-10-10','Jones','TUTI','ROSANGELO CUEVA ','ATIVO',10,12,2023,0,'2024-01-10',0,0,0,0,'0000-00-00',0),(271,281,'2023-10-10','Jones','','SAMUEL BECH DE OLIVEIRA','ATIVO',10,12,2023,0,'2024-01-10',0,0,0,0,'0000-00-00',0),(272,282,'2023-10-10','Jones','TIÃO','SEBASTIÃO FELICIANO','ATIVO',10,12,2023,0,'2024-01-10',0,0,0,0,'0000-00-00',0),(273,283,'2023-10-10','Jones','BETO','SERGIO BALDEZ DA SILVA ','ATIVO',10,12,2023,0,'2024-01-10',0,0,0,0,'0000-00-00',0),(274,284,'2023-10-10','Jones','','SÉRGIO JOSÉ DE LIMA ','ATIVO',10,12,2023,0,'2024-01-10',0,0,0,0,'0000-00-00',0),(275,285,'2023-10-10','Jones','NEY','SIDINEI PEREIRA DA SILVA ','ATIVO',10,12,2023,0,'2024-01-10',0,0,0,0,'0000-00-00',0),(276,287,'2023-10-10','Jones','','SILVANO VICENTE MARTINS','ATIVO',10,12,2023,0,'2024-01-10',0,0,0,0,'0000-00-00',0),(277,288,'2023-10-10','Jones','','SIMAR DE OLIVEIRA MARQUES','ATIVO',10,12,2023,0,'2024-01-10',0,0,0,0,'0000-00-00',0),(278,291,'2023-10-10','Jones','MIRO','VALDOMIRO TAVEIRA MESSIAS DE PAULA','ATIVO',10,12,2023,0,'2024-01-10',0,0,0,0,'0000-00-00',0),(279,292,'2023-10-10','Jones','GOLEIRO','VALTER CLAUDINO DA SILVA ','ATIVO',10,12,2023,0,'2024-01-10',0,0,0,0,'0000-00-00',0),(280,298,'2023-10-10','Jones','KÓY','WANDERSON LEITE NEVES','ATIVO',10,12,2023,0,'2024-01-10',0,0,0,0,'0000-00-00',0),(281,299,'2023-10-10','Jones','DEDI','WEDER GARCIA ARANTES','ATIVO',10,12,2023,0,'2024-01-10',0,0,0,0,'0000-00-00',0),(282,300,'2023-10-10','Jones','COMPADRE','WELITON QUELUZ DURAND ','ATIVO',10,12,2023,0,'2024-01-10',0,0,0,0,'0000-00-00',0);
/*!40000 ALTER TABLE `mensalidades` ENABLE KEYS */;
UNLOCK TABLES;

--
-- Table structure for table `mensalidades_geradas`
--

DROP TABLE IF EXISTS `mensalidades_geradas`;
/*!40101 SET @saved_cs_client     = @@character_set_client */;
/*!40101 SET character_set_client = utf8 */;
CREATE TABLE `mensalidades_geradas` (
  `id` int NOT NULL AUTO_INCREMENT,
  `data` date NOT NULL,
  `admin` varchar(50) NOT NULL,
  `mensalidade_dia` int NOT NULL,
  `mensalidade_mes` int NOT NULL,
  `mensalidade_ano` int NOT NULL,
  `data_vencimento` date NOT NULL,
  `valor` int NOT NULL,
  `desconto` int NOT NULL,
  `multa` int NOT NULL,
  PRIMARY KEY (`id`)
) ENGINE=MyISAM AUTO_INCREMENT=7 DEFAULT CHARSET=utf8mb4 COLLATE=utf8mb4_0900_ai_ci;
/*!40101 SET character_set_client = @saved_cs_client */;

--
-- Dumping data for table `mensalidades_geradas`
--

LOCK TABLES `mensalidades_geradas` WRITE;
/*!40000 ALTER TABLE `mensalidades_geradas` DISABLE KEYS */;
INSERT INTO `mensalidades_geradas` VALUES (6,'2023-10-10','Jones',10,12,2023,'2024-01-10',0,0,0),(5,'2023-10-10','Jones',10,11,2023,'2023-12-10',0,0,0),(4,'2023-10-10','Jones',10,10,2023,'2023-11-10',0,0,0);
/*!40000 ALTER TABLE `mensalidades_geradas` ENABLE KEYS */;
UNLOCK TABLES;

--
-- Table structure for table `socios`
--

DROP TABLE IF EXISTS `socios`;
/*!40101 SET @saved_cs_client     = @@character_set_client */;
/*!40101 SET character_set_client = utf8 */;
CREATE TABLE `socios` (
  `id` int NOT NULL AUTO_INCREMENT,
  `data` date NOT NULL,
  `admin` tinyint(1) NOT NULL,
  `foto` varchar(150) NOT NULL,
  `apelido` varchar(30) CHARACTER SET utf8mb4 COLLATE utf8mb4_0900_ai_ci NOT NULL,
  `nome_completo` varchar(50) NOT NULL,
  `cpf` varchar(14) CHARACTER SET utf8mb4 COLLATE utf8mb4_0900_ai_ci NOT NULL,
  `rg` varchar(15) NOT NULL,
  `nascimento` date NOT NULL,
  `uf` varchar(100) NOT NULL,
  `cid_natal` varchar(40) CHARACTER SET utf8mb4 COLLATE utf8mb4_0900_ai_ci NOT NULL,
  `mae` varchar(100) CHARACTER SET utf8mb4 COLLATE utf8mb4_0900_ai_ci NOT NULL,
  `pai` varchar(100) NOT NULL,
  `sexo` varchar(15) NOT NULL,
  `uf_atual` varchar(100) NOT NULL,
  `cep` varchar(20) NOT NULL,
  `cid_atual` varchar(100) NOT NULL,
  `endereco` varchar(100) NOT NULL,
  `numero` varchar(15) CHARACTER SET utf8mb4 COLLATE utf8mb4_0900_ai_ci NOT NULL,
  `bairro` varchar(50) NOT NULL,
  `celular1` varchar(15) NOT NULL,
  `celular2` varchar(15) NOT NULL,
  `email` varchar(140) CHARACTER SET latin1 COLLATE latin1_swedish_ci NOT NULL,
  `senha` varchar(100) CHARACTER SET latin1 COLLATE latin1_swedish_ci NOT NULL,
  `status` varchar(30) CHARACTER SET utf8mb4 COLLATE utf8mb4_0900_ai_ci NOT NULL,
  `motivo` varchar(1000) NOT NULL,
  `termos` varchar(10000) NOT NULL,
  `observacao` varchar(500) CHARACTER SET utf8mb4 COLLATE utf8mb4_0900_ai_ci NOT NULL,
  `joia` varchar(15) NOT NULL,
  PRIMARY KEY (`id`)
) ENGINE=MyISAM AUTO_INCREMENT=302 DEFAULT CHARSET=utf8mb4 COLLATE=utf8mb4_0900_ai_ci;
/*!40101 SET character_set_client = @saved_cs_client */;

--
-- Dumping data for table `socios`
--

LOCK TABLES `socios` WRITE;
/*!40000 ALTER TABLE `socios` DISABLE KEYS */;
INSERT INTO `socios` VALUES (1,'2023-10-09',1,'','Jones','','','','0000-00-00','','','','','','','','','','','','','','batata_jonesrodrigues@hotmail.com','$2y$10$LgOa0UiwiY.zwPuTGc5rCuKBtjfQZs3WqY037UTLzusWzQMsGXwTq','ATIVO','','','','0'),(271,'2021-02-12',0,'','','PEDRO HENRIQUE SANTOS GARCIA','034.006.022-24','001.481.352 MS','1991-10-31','','','','','','','','','JULIO LONRENZONE','441','S.DUMON','67 999274017','','','','ATIVO','','','','R$ 600,00'),(270,'2019-02-15',0,'','','PAULO SERGIO BELLO','','0','1970-01-01','','','','','','','','','PEGAR DADOS','0','PEGAR DADOS','','','','','ATIVO','','','','R$ 0,00'),(269,'2020-02-12',0,'','','OSVALDO DO CARMO ROSA','','20321100','1966-09-09','','','','','','','','','CHACARA','0','CHACARA','(67) 99964-6350','','','','ATIVO','','','','R$ 0,00'),(268,'2005-07-27',0,'','PAPAGAIO','OSCAR ANTONIO FRETES','501.865.661-15','719354 SSP/MS','1963-06-14','','','','','','','','','MARIA SABIO ABES','345','CENTRO','9902-4483 ','','','','AFASTADO','','','PEDIDO FEITO EM 13/05/2021','0'),(267,'2020-02-15',0,'','GOLEIRO','NIVALDO ROMEIRO BOGOLIN','','1771260','1992-04-21','','','','','','','','','FAZENDA','0','FAZENDA','(67) 99880-3683','','','','AFASTADO','','','','R$ 0,00'),(266,'2016-01-01',0,'','RICARDO','NAZARENO RICARDO REIS FRAGA ','007.976.921-77','1451011 SSP/MS','1985-03-30','','','','','','','','','RUA DO FADO','1573','P.ESTORIL','99985-6068','','','','ATIVO','','','','R$ 0,00'),(265,'2005-07-16',0,'','','NADIR PEREIRA DO NASCIMENTO','609.577.869-72','4342772 SSP/RS','1966-11-23','','','','','','','','','JOSÉ THIAGO PONTES','2129','P.ESTORIL','9933-1683','','','','AFASTADO','','','','R$ 0,00'),(264,'2019-09-15',0,'','GOLEIRO','MIGUEL ALMEIDA DE SOUZA DA CRUZ','','0','2004-12-07','','','','','','','','','TRAV.SALOSTIANO DE MORAES','37','JABUR','','','','','ATIVO','','','','R$ 0,00'),(263,'2005-07-15',0,'','','MICHAEL LOPES','878.401.701-53','880892 SSP/MS','1969-05-06','','','','','','','','','RIBEIRÃO CERROTE','1621','P.ESTORIL','9317-4949','','','','AFASTADO','','','','R$ 0,00'),(262,'2020-02-29',0,'','PROFESSOR','MAXIMO FONTEBASSE FERREIRA ','436.526.201-78','408451','1969-04-14','','','','','','','','','ANTONIO MAIA','514','V.NOVA','(67) 99225-1672','','','','ATIVO','','','','R$ 600,00'),(261,'2017-10-01',0,'','MAX','MAXIMIANO GALVÃO NEVES ','930.969.411-49','001031792/MS','1981-03-04','','','','','','','','','PEGAR ENDEREÇO','0','PEGAR ENDREÇO','998627454','','','','ATIVO','','','','R$ 0,00'),(260,'2020-03-07',0,'','GOLEIRO','MAURO CESAR DE OLIVEIRA FERRAZ','001.058.161-83','891567','1981-04-16','','','','','','','','','SALOMÃO PEDRO CURI','A','S.SEBASTIÃO','(67) 99894-4738','','','','ATIVO','','','','R$ 0,00'),(259,'2021-08-02',0,'','','MATHEUS BOLIS FATIN','064.438.301-','1806681','1997-01-17','','','','','','','','','AV. AURELIANA MOURA BRANDÃO','194','CENTRO','67 99818-8470','','','','DESISTENTE','','','','R$ 0,00'),(258,'2021-01-02',0,'','TOMATINHO','MARCOS GOMES DA SILVA JUNIOR','041.049.951-00','1795188','1994-08-17','','','','','','','','','ANTONIO MAIA','564','V.NOVA','67 99610 4453','','','','ATIVO','','','','R$ 0,00'),(257,'2005-07-14',0,'','TOMATE','MARCOS GOMES DA SILVA','404.696.971-72','404354 SSP/MS','1968-09-04','','','','','','','','','ANTONIO MAIA','564','V.NOVA','9958-6847','','','','FALECEU','','','','0'),(256,'2021-10-02',0,'','','MARCOS ANTONIO SCAVASSA','63712032153','631827','1977-04-23','','','','','','','','','FRANCISCO MARTINS PANIAGO','1403','P.ESTORIL','67 98126-5813','','','','ATIVO','','','','R$ 1.000,00'),(255,'2021-02-10',0,'','','MARCO JOSE TEIXEIRA','894.475.811-53','923732','1982-01-18','','','','','','','','','RAFEL ANCONI','1825','V.ALEGRE','67 98411-8325','','','','ATIVO','','','','R$ 600,00'),(254,'2017-10-12',0,'','','MARCO AURELIO RAMOS','858.078.421-20','1075221','1977-09-21','','','','','','','','','JERONIMO PEREIRA PASSOS','512','J.TRABALHADORES','(67) 99632-4656','','','','ATIVO','','','','R$ 400,00'),(253,'2017-11-01',0,'','','MARCO ANTÔNIO SCAVASSA','637.120.321-53','10168 MS','1977-04-23','','','','','','','','','PEGAR ENDEREÇO','0','PEGAR ENDREÇO','98126-5813','','','','EXCLUIDO','','','','R$ 0,00'),(252,'2005-08-05',0,'','ROCHINHA','MARCO ANTONIO ROCHA','601.010.831-49','752834 SSP/MS','1973-09-07','','','','','','','','','AV. NELSON LIRIO','1741','CENTRO','9692-1930 ','','','','ATIVO','','','','0'),(251,'2005-07-26',0,'','MARQUINHO GOLEIRO','MARCO ANTONIO BARBOSA NEVES','000.000.000-03','13420440 SSP/SP','1964-06-13','','','','','','','','','MIGUEL KOZMA','1339','V.ALEGRE','9927-0667 ','','','','ATIVO','','','',''),(250,'2005-07-13',0,'','','MARCIO TAVEIRA LIMA','367.533.511-91','299911 SSP/MS','1967-06-30','','','','','','','','','JULIO VIANA','195','S.DUMON','9850-9104 ','','','','AFASTADO','','','','R$ 0,00'),(249,'2017-07-01',0,'','MARCINHO','MARCIO ALENCAR AZEVEDO ','006.185.301-18','1206202 SSP/MS','1982-08-20','','','','','','','','','PEGAR ENDEREÇO','0','PEGAR ENDREÇO','998316722','','','','ATIVO','','','','R$ 0,00'),(248,'2005-07-12',0,'','TIO NÉO','MANOEL GERALDO DA SILVA ','160.433.671-49','054261 SSP/MS','1949-02-27','','','','','','','','','CHACARA SÃO GERALDO ','0','COABI','','','','','DESISTENTE','','','NÃO PAGOU NENHUMA MENSALIDADE APARTIR DO ANO 2021','R$ 0,00'),(247,'2019-04-01',0,'','','LUIZ MARCOS SANTOS DOMINGOS','952.509.561-49','1183752 SSP/MS','1983-04-26','','','','','','','','','PEGAR ENDEREÇO','0','PEGAR ENDREÇO','98453-0810','','','','ATIVO','','','','R$ 0,00'),(246,'2018-04-03',0,'','','LUCIANO GONÇALVES ROCHA','949.729.821-87','1015989 SSP/MS','1979-06-15','','','','','','','','','FAUSTO DE OLIVEIRA','36','S.JOAQUIM','99223-5772','','','','ATIVO','','','','R$ 0,00'),(245,'2005-07-11',0,'','','LINARDE PEREIRA ALVES','910.183.661-72','5461923- SSP/PE','1981-07-25','','','','','','','','','AV. Aureliano Moura Brandão','2507','P.ESTORIL','','','','','AFASTADO','','','30/10/2021. PEDIU AFSTAMENTO POR MOTIVOS DE SAUDE.','R$ 0,00'),(244,'2005-08-09',0,'','TOTA','LEANDRO SOUZA DA SILVA','704.982.881-53','843791 SSP/MS','1980-05-21','','','','','','','','','ABDON BUNAZAR','106','V.NOVA','9944-5690','','','','ATIVO','','','','0'),(243,'2019-11-11',0,'','NEGUINHO','LEANDRO APARECIDO DE OLIVEIRA','009.762.931-61','1463072','1984-02-18','','','','','','','','','JOAQUIM ALVES FONTORA','260','V.NOVA','(67) 99675-7880','','','','ATIVO','','','','R$ 0,00'),(242,'2017-03-01',0,'','PTIBULL','LAÉRCIO MARTINS ','138.221.258-57','2399878304 SSP/','1975-02-01','','','','','','','','','FRANCISCO RODRIGUES GONÇALVES','1189','P.ESTORIL','998436436','','','','ATIVO','','','','R$ 0,00'),(241,'2005-07-10',0,'','','JULIO FERNANDES DA COSTA','038.500.711-62','001.770.842 SSP','1985-03-18','','','','','','','','','DELMINDA COELHO','57','V.NOVA','9957-6670','','','','ESPERA','','','','R$ 0,00'),(240,'2005-07-09',0,'','PIU','JOSIAS RODRIGUES DE LIMA ','976.447.901-44','552974 SSP/MS','1972-05-12','','','','','','','','','ABDON BUNAZAR','539','V.NOVA','9682-3001','','','','DESISTENTE','','','','R$ 0,00'),(239,'2005-08-01',0,'','JAPA','JOSÉ TERUO YOSHIMURA ','404.853.231-68','17609303 SSP/SP','1964-10-31','','','','','','','','','MANOEL GARCIA TOSTA LAURA','429','V.NOVA','9682-8148','','','','AFASTADO','','','','R$ 0,00'),(238,'2005-07-08',0,'','DÉ','JOSÉ RODRIGUES ALENCAR ','609.545.151-53','922530 SSP/MS','1975-05-05','','','','','','','','','AV. JESUINO ALVARES DE BARROS','1884','V.NOVA','986O-1760','','','','AFASTADO','','','','R$ 0,00'),(237,'2018-03-15',0,'','HÉLIO','JOSÉ ERLIZ LOPES ','858.048.861-34','540806 SSP/MS','1968-02-05','','','','','','','','','PEGAR ENDEREÇO','0','PEGAR ENDREÇO','99956-4789','','','','AFASTADO','','','','R$ 0,00'),(236,'2005-07-07',0,'','','JOSÉ CARLOS DOS SANTOS','729.025.821-53','159982 SSP/MS','1961-11-09','','','','','','','','','AV. JESUINO ALVARES DE BARROS','1853','JR OURO VERDE','9962-9396','','','','ATIVO','','','','R$ 0,00'),(235,'2020-02-20',0,'','LINCOLH','JOSE ANTONIO DIAS','013.464.181-79','2155757','1984-06-13','','','','','','','','','ANINCETA RODRIGUES','1754','V.ALEGRE','(67) 99161-7815','','','','ATIVO','','','','R$ 0,00'),(234,'2005-07-24',0,'','ZÉ CABELO','JOSE ALVES DOMINGOS','','','1958-04-13','','','','','','','','','','','','','','','','AFASTADO','','','30/09/2021. PAGOU ATÉ MÊS 03/2021.',''),(233,'2017-01-01',0,'','BATATA','JONES RODRIGUES DOS SANTOS','023.468.271-00','1693561 SSP/MS','1988-09-14','','','','','','','','','MARIA ALREA DALL BELLO CAZAT','2189','N.ESPERANÇA','99923-7262','','','','ATIVO','','','','0'),(232,'2021-02-10',0,'','BICUDO','JOÃO NILSON','','','1970-01-01','','','','','','','','','','','','','','','','ATIVO','','','','R$ 600,00'),(231,'2005-07-06',0,'','','JOÃO CARLOS RODRIGUES DE SOUZA','372.756.231-53','339969 SSP/PR','1964-12-01','','','','','','','','','JOÃO JACINTO GARCIA','124','BOA VISTA','9196-6439','','','','ATIVO','','','','R$ 0,00'),(230,'2018-03-15',0,'','PAQUINHA','JOÃO BATISTA DO NASCIMENTO ','859.990.241-53','872693 SSP/MS','1979-02-04','','','','','','','','','PEGAR ENDEREÇO','0','PEGAR ENDREÇO','98472-7078','','','','ATIVO','','','','R$ 0,00'),(229,'2005-07-05',0,'','','JOÃO APARECIDO DANTAS JUNIOR ','031.236.741-42','','1990-03-21','','','','','','','','','WALTER GODOY','1147','P.ESTORIL','9840-3935','','','','AFASTADO','','','','R$ 0,00'),(228,'2005-07-04',0,'','','JOÃO APARECIDO DANTAS','053.973.418-78','16673917 SSP/SP','1964-03-15','','','','','','','','','SAID FAAD','1228','V.ALEGRE','9161-0676','','','','AFASTADO','','','','R$ 0,00'),(227,'2021-06-24',0,'','','JEOVA DA SILVA VRADO','841.705.491-04','','1970-01-01','','','','','','','','','WALTER GODOY','1717','P.ESTORIL','67 99674-1083','','','','ATIVO','','','','R$ 1.000,00'),(226,'2005-07-03',0,'','','JAIR JOAQUIM JOSÉ ARAUJO','117.454.948-39','491730 SSP/MS','1971-12-08','','','','','','','','','SAID FAAD','1232','V.ALEGRE','9641-3098','','','','ATIVO','','','','R$ 0,00'),(225,'2018-11-01',0,'','','JAIR ARCE VASQUE','002.728.311-90','1247045 SSP/MS','1984-12-08','','','','','','','','','Carlos Anconi','508','V.ALEGRE','999658487','','','','ATIVO','','','','R$ 0,00'),(224,'2017-05-01',0,'','CARATE','JACSON SALES DE SOUZA ','963.978.101-00','1073354 SSP/MS','1980-01-18','','','','','','','','','AV. AURELINO MOURA BRANDÃO','865','P.ESTORIL','998211606','','','','ATIVO','','','','R$ 0,00'),(223,'2005-08-10',0,'','','JACKSON ROBERTO COLLIS','937.220.011-53','993523 SSP/MS','1982-12-27','','','','','','','','','WALTER GODOY','2181','P.ESTORIL','9218-6481 ','','','','ATIVO','','','','R$ 0,00'),(222,'2005-07-02',0,'','PRETO CORRIDA','JACILDO FURTADO DE OLIVEIRA ','017.345.138-10','12801512 SSP/SP','1959-08-29','','','','','','','','','PEGAR ENDEREÇO','0','PEGAR ENDREÇO','3238-2635','','','','AFASTADO','','','','R$ 0,00'),(221,'2005-07-01',0,'','','IVO DOS SANTOS CARVALHO','407.427.761-15','557549 SSP/MS','1966-07-05','','','','','','','','','TEOFILIO MESSIAS','493','JR DOS TRABALHADORES','9981-4009','','','','ATIVO','','','','R$ 0,00'),(220,'2006-01-01',0,'','','ILDO BOLIS','393.377.230-34','1019431331 SSP/','1960-08-05','','','','','','','','','MIGUEL COSME','1349','V.ALEGRE','9611-1392','','','','DESISTENTE','','','','R$ 0,00'),(219,'2021-02-10',0,'','','HUMBERTO URBIETA NOGUEIRA','','','1970-01-01','','','','','','','','','TEOFILO MECIAS','','J.TRABALHADORES','67 9844 3405','','','','ATIVO','','','','R$ 600,00'),(218,'2005-07-31',0,'','CANHOTO','HERMINIO AMANCIO DA SILVA','274.804.158-50','3679021 SSP/GO','1978-03-14','','','','','','','','','JOAQUIM LINO VIEIRA','1876','P.ESTORIL','8411-5821 ','','','','ATIVO','','','','R$ 0,00'),(217,'2018-03-15',0,'','LÉO','HÉLIO ALVINO DA SILVA','956.810.431-34','001031792/MS','1981-03-13','','','','','','','','','PEGAR ENDEREÇO','0','PEGAR ENDREÇO','992568510','','','','ATIVO','','','','R$ 0,00'),(216,'2017-12-30',0,'','MACARRÃO','GILMAR DE OLIVEIRA ','000.817.231-56','935566 SSP/MS','1980-02-16','','','','','','','','','PEGAR ENDEREÇO','0','PEGAR ENDREÇO','99947-6109','','','','AFASTADO','','','AFASTADO DEVIDO AO DESCOMPRIMENTO DE RESPOSABILIDADES COM TRATADO E COMUNICAÇÃO','R$ 0,00'),(215,'2005-06-30',0,'','','GETULIO MARTINES','160.433.671-49','364326 SP/MS','1963-02-27','','','','','','','','','FRANCISCO RODRIGUES GONÇALVES','2039','V.VITORIA','9625-3630','','','','DESISTENTE','','','13/09/2021, NÃO PAGA DESDE O MÊS 10/20','R$ 0,00'),(214,'2017-02-10',0,'','','GEOVANI ALVES DE CAMPOS','003.291.721-07','1412621','1982-07-17','','','','','','','','','JOÃO FONTE BASE','1706','P. ESTORIL','(67) 99230-6792','','','','AFASTADO','','','28/07/2021, AFASTADO POR DEVER MESALIDAES. NÃO PAGA DESDE AGOSTO DE 2020.','R$ 0,00'),(213,'2005-06-29',0,'','','FREDINALDO DE SOUZA','614.981.141-72','743272 SSP/MS','1972-10-04','','','','','','','','','RACHID ABES','1248','V.ALEGRE','9931-0074','','','','ATIVO','','','','R$ 0,00'),(212,'2005-06-28',0,'','CARLÃO','FRANCISCO CARLOS DA SILVA ','501.057.601-53','0010078-39 SSP/','1979-09-15','','','','','','','','','AV. NELSON LIRIO','0','CENTRO','9956-7990','','','','AFASTADO','','','28/07/2021, AFASTADO POR DEVER MESALIDAES. NÃO PAGA DESDE AGOSTO DE 2020.','0'),(211,'2018-10-20',0,'','GOLEIRO','FELIPE RODRIGUES SOARES ','031.339.681-73','1675486 SSP/MS','1992-10-18','','','','','','','','','PEGAR ENDEREÇO','0','PEGAR ENDREÇO','(67) 99661-4851','','','','ATIVO','','','','0'),(210,'2017-10-01',0,'','ARGENTINO','FABIO RICARDO MOURA TEODORO','900.116.511.72','91414503 SSP/MS','1980-01-11','','','','','','','','','PEGAR ENDEREÇO','0','PEGAR ENDREÇO','99948-2345','','','','EXCLUIDO','','','FICOU DEVENDO 200,00 DE JOIAS MAIS MENSALIDAES, ONDE VALOR ULTRAPASSA O VALOR DA JOIA DA ASSOCIAÇÃO.','R$ 0,00'),(209,'2005-08-08',0,'','GAUCHO','FABIO BRUM CAMPELO ','011.690.320-10','6084344107 SSP/','1979-10-26','','','','','','','','','FELICIANA MARIA FRANCISCA','1610','P.ESTORIL','8148-4721','','','','AFASTADO','','','01/10/2021. PAGOU ATÉ O MÊS 03/2021','R$ 0,00'),(208,'2005-06-27',0,'','BIM','EWESON LUIZ CARNEIRO MARDEGAN','026.817.261-74','1495346 SS/MS','1987-07-24','','','','','','','','','GENERAL ELIZIARIO PAIM','1222','V.ALEGRE','98419-2828','','','','ATIVO','','','','R$ 0,00'),(207,'2017-06-10',0,'','JOTA','ERIVALDO DOS SANTOS','799.890.181-72','782999','1977-04-02','','','','','','','','','FRANCOSCO MARTINS PANIAGO','2071','P.ESTORIL','67 99935 3659','','','','AFASTADO','','','21/10/2021. PAGOU ATÉ O MÊS 04/2021','R$ 0,00'),(205,'2018-11-18',0,'','','ELEANDRO DE LIMA','','0','1981-10-30','','','','','','','','','PEGAR DADOS','0','PEGAR DADOS','','','','','ATIVO','','','','R$ 0,00'),(206,'2005-07-30',0,'','CARECA','ELIAS COSTA RODRIGUES ','407.257.251-34','518557 SSP/MS','1966-11-03','','','','','','','','','JOAQUIM GONÇALVES PONTES','1344','P.ESTORIL','9976-8609','','','','AFASTADO','','','','R$ 0,00'),(204,'2008-06-01',0,'','EDINHO','EDSERGIO DOS SANTOS ','000.512.301-19','1322435 SSP/MS','1977-07-17','','','','','','','','','SUDALINO R. MACHADO','192','CENTRO VELHO','9905-2395','','','','AFASTADO','','','','R$ 0,00'),(203,'2005-08-07',0,'','GALILSO','EDIMILSOM MOREIRA DA CRUZ','705.441.151-04','856511 SSP/MS','1978-12-21','','','','','','','','','ALENTINO SOUZA DE OLIVEIRA','2173','P.ESTORIL','9989-2151','','','','ATIVO','','','','R$ 0,00'),(202,'2005-06-24',0,'','','EDILSON MARIA','021.930.591-95','0014980444 SSP/','1985-09-06','','','','','','','','','MODESTO RICARTES DE OLIVEIRA','1021','N.S.APARECIDA','9813-7411','','','','ATIVO','','','','R$ 0,00'),(201,'2020-10-17',0,'','GOLEIRO','EDILSON MACEDO DOS SANTOS','','','1970-01-01','','','','','','','','','','','','','','','','ATIVO','','','',''),(200,'2005-03-01',0,'','PROFESSOR','DURCIVAL JORGE','826.225.668-91','01075483 SSP/MS','1955-04-04','','','','','','','','','ANTONIO MAIA','354','V.NOVA','9963-8176','','','','ATIVO','','','','0'),(199,'2021-03-06',0,'','GOLEIRO','DOUGLAS SOUZA DA SILVA','063.876.061-52','2064308','1993-07-11','','','','','','','','','CONCEIÇÃO DO RIO PARDO','0','CENTRO','67998707695','','','','EXCLUIDO','','','21/09/2021. EXCLUIDO, PAGOU 1 MÊS APENAS ','R$ 0,00'),(198,'2021-09-19',0,'','GOLEIRO','DOUGLAS DA SILVA CRUZ','','','1970-01-01','','','','','','','','','','','','','','','','ATIVO','','','',''),(197,'2005-07-29',0,'','','DONIZETE CARLOS ALVES','930.180.701-78','409613 SSP/MS','1966-07-08','','','','','','','','','WALDEMAR FRANCISCO DA SILVA','1128','JABUR','9954-5543','','','','ATIVO','','','','R$ 0,00'),(196,'2017-02-28',0,'','','DJAMIRO CRUZ','464.737.001-10','099966953-4 MD/','1968-12-01','','','','','','','','','AV. JESUINO ALVARES DE BARROS','1547','V.ALEGRE','992376916','','','','ATIVO','','','','R$ 0,00'),(195,'2021-10-02',0,'','','DAVID SANTOS DE CARVALHO','3975979160','','1995-05-15','','','','','','','','','TEOFILO MECIAS','493','J.TRABALHADORES','67 98459-3975','','','','ATIVO','','','','R$ 1.000,00'),(194,'2017-08-01',0,'','','DAVI LIMA DE CAMPOS JUNIOR','004.372.461-24','001372044 SSP/M','1983-05-18','','','','','','','','','PEGAR ENDEREÇO','0','PEGAR ENDREÇO','999157565','','','','ATIVO','','','','R$ 0,00'),(193,'2018-07-05',0,'','','DANIEL DOS SANTOS SILVA','959.845.931-49','00146564-9  SSP','1984-05-11','','','','','','','','','PEGAR ENDEREÇO','0','PEGAR ENDREÇO','996246909','','','','DESISTENTE','','','','R$ 0,00'),(192,'2020-02-13',0,'','','DAMERSON VIEIRA CORREIA ','329.945.488-95','403610485','1984-12-19','','','','','','','','','ELDIR OLIVEIRA DE PAULA','2411','P.ESTORIL','(67) 99628-3760','','','','ATIVO','','','','R$ 600,00'),(190,'2021-02-10',0,'','GOLEIRO','COSTINHA','','','1970-01-01','','','','','','','','','','','','','','','','ATIVO','','','',''),(191,'2005-06-26',0,'','','DALMACIO MARTINS FRANCO NETO','583.089.111-53','696383 SSP/MS','1973-11-11','','','','','','','','','TEÓFILO MESSIAS','526','JR DOS TRABALHADORES','8143-7107','','','','EXCLUIDO','','','','R$ 0,00'),(189,'2005-06-25',0,'','','COSMO REGINALDO VICENTE DA SILVA','000.044.444-45','0','1970-01-01','','','','','','','','','ANTONIO FELISBERTO RAMOS','0','JR DOS TRABALHADORES','','','','','ATIVO','','','',''),(188,'2021-10-19',0,'','','CLEBER CARVALHO FLORES','990.652.071-04','1271582','1983-04-25','','','','','','','','','BELARMINIO FONTORA','269','V.ALEGRE','67 99201-3410','','','','ATIVO','','','','R$ 1.000,00'),(187,'2005-06-24',0,'','','CLAUDIONOR ALVES SIQUEIRA','049.584.218-40','16427280 SSP/SP','1963-06-21','','','','','','','','','NOVA IDEMPEDENCIA - SP','0','NOVA INDEPENDENCIA - SP','18 9962-69963','','','','AFASTADO','','','','R$ 0,00'),(186,'2005-06-24',0,'','SULINA','CICERO VIEIRA DA SILVA ','140.257.441-04','2136559 SSP/PR','1957-01-25','','','','','','','','','ANICETA RODRIGUES DE SOUZA','1295','P.ESTORIL','9643-3888 ','','','','DESISTENTE','','','PAGOU ATÉ O MÊS 08/2020','R$ 0,00'),(185,'2005-07-25',0,'','','CICERO ALVES RIBEIRO','271.907.801-44','067804 SSP/MS','1962-03-19','','','','','','','','','ANTONIO FELISBERTO RAMOS','2035','JR DOS TRABALHADORES','8112-8317 ','','','','ATIVO','','','','R$ 0,00'),(184,'2021-08-02',0,'','','CEZAR BENITEZ','003.290.761-32','','1982-01-01','','','','','','','','','RAFAEL DE SOUZA','51','S.JOÃO','67 98475-8260','','','','ATIVO','','','','R$ 600,00'),(183,'2005-08-04',0,'','MADRUGA','CELSO RODRIGUES DE LIMA ','421.755.501-68','484359 SSP/MS','1963-12-30','','','','','','','','','FRANCISCO MARTINS PANIAGO','1731','P.ESTORIL','9658-6001 ','','','','AFASTADO','','','','0'),(182,'2005-08-02',0,'','TECA','CELSO MATOSO DE FREITAS ','554.719.001-20','397886 SSP/MS','1971-06-02','','','','','','','','','CHACARA PARAISO ','0','BARRINHA','9908-8606','','','','ATIVO','','','','0'),(181,'2005-06-24',0,'','BOCA DE LATA','CARLOS CEZAR LOPES ','024.757.289-65','77759689 SSP/MS','1977-11-03','','','','','','','','','NADIR PEREIRA DE BRITO','1911','JR DOS TRABALHADORES','9986-2361','','','','DESISTENTE','','','NÃO PAGOU NENHUMA MENSALIDADE APARTIR DO ANO 2021','R$ 0,00'),(180,'2019-11-11',0,'','DELEGADO','BRUNO SANTACATHARINA CARV','000.044.444-44','0','1970-01-01','','','','','','','','','PEGAR DADOS','0','PEGAR DADOS','','','','','AFASTADO','','','','R$ 0,00'),(179,'2021-02-10',0,'','LOBOZINHO','ATAIR APARECIDO GONÇAVES','906.706.551-04','1119012','1981-06-03','','','','','','','','','WALTER GODOY','2167','P.ESTORIL','67 98131 6875','','','','ATIVO','','','','R$ 600,00'),(178,'2020-02-11',0,'','PAJÉ','ATAIDE NASCIMENTO MARTINS','528.366.731-68','356999','1967-12-01','','','','','','','','','TRAV. NOROESTE','130','S.JOSE','(67) 98415-9005','','','','ATIVO','','','','R$ 600,00'),(177,'2005-06-24',0,'','','ATAIDE FELICIANO','','514688 SSP/MS','1970-01-12','','','','','','','','','JULIO LORENZONI','73','S.DUMON','9954-6327','','','','ATIVO','','','',''),(176,'2017-06-01',0,'','DIEGO','ARNALDO DIEGO BRAGA VALENSUELA','004.933.671-10','1338185 SSP/MS','1985-08-23','','','','','','','','','JOAQUIM FRANCISCO LOPES','2246','CENTRO','99224-5329','','','','ATIVO','','','','R$ 0,00'),(175,'2005-06-24',0,'','SCHUMACHER','ARIOVALDO MARTINS NEVES','045.321.578-54','152973059 SSP/S','1962-12-04','','','','','','','','','ANINCETA RODRIGUES','0','V.ALEGRE','9853-9175 / 821','','','','ATIVO','','','','R$ 0,00'),(174,'2021-02-10',0,'','PARAGUAIO','ARIOVALDO BARROS MARTINS','709.502.451-00','97711','1980-06-29','','','','','','','','','BENVINDO FOLGAÇA','17','CENTRO VELHO','67 99927 8657','','','','ATIVO','','','','R$ 600,00'),(173,'2005-06-24',0,'','','AQUINO FELICIANO','529.027.901-63','552099 SSP/MS','1971-09-11','','','','','','','','','CONCEIÇÃO DO RIO PARDO','27','CENTRO','9944-8606','','','','ATIVO','','','','R$ 0,00'),(172,'2020-02-10',0,'','PROFESSOR','APARECIDO DE SOUZA','251.575.638-76','277006211','1976-10-01','','','','','','','','','DELMINDA COELHO','0','OURO VERDE','(67) 99810-4919','','','','ATIVO','','','','R$ 0,00'),(171,'2019-09-10',0,'','WAGNHO','ANTONIO WAGNER','','','1970-01-01','','','','','','','','','','','','','','','','EXCLUIDO','','','NÃO PAGOU A JÓIA E PAGOU APENAS 2 OU 3 MENSALIDADES DA DATA DE INICIO ATÉ 28/05/2021',''),(170,'2005-06-24',0,'','SERGINHO','ANTONIO SERGIO PEREIRA','138.477.671-00','042052 SSP/MS','1952-12-21','','','','','','','','','GEROLINO LIMA','1460','CENTRO','9659-8333','','','','ATIVO','','','','0'),(169,'2019-02-08',0,'','PAULO DA FAZ','ANTONIO PAULO DA SILVA','935.311.411-04','853632','1982-11-01','','','','','','','','','SARGENTO MOACIR RAMOS','1440','S. ANDRE','(67) 99292-7316','','','','ATIVO','','','','R$ 110,00'),(168,'2005-06-24',0,'','','ANTONIO JOSÉ PEREIRA NETO','653.372.711-72','620584 SSP/MS','1972-10-04','','','','','','','','','SAID FAHAT','1431','VISTA ALEGRE','9615-9405','','','','AFASTADO','','','','R$ 0,00'),(167,'2005-06-24',0,'','MARTELO','ANTONIO DJALMA DOS SANTOS ','','523988 SSP/MS','1968-12-21','','','','','','','','','PROF.  AGUIAR PIMENTA','1283','V.VITORIA','9693-0190','','','','AFASTADO','','','',''),(166,'2005-06-24',0,'','LEITEIRO','ANTONIO CELSO RODRIGUES DA SILVA JUNIOR','829.932.381-91','10317888 SSP/MS','1978-07-14','','','','','','','','','GEROLINO LIMA','1460','CENTRO','9961-6274','','','','ATIVO','','','','0'),(165,'2005-06-24',0,'','BUGÃO','ANTONIO ALMEIDA CORREA ','356.153.541-00','258855 SSP/MS','1964-10-12','','','','','','','','','VISTA ALEGRE','1848','VISTA ALEGRE','9853-5801','','','','ATIVO','','','','R$ 0,00'),(164,'2018-03-15',0,'','IRMÃ DÉ','ANDRÉ RODRIGUES ALENCAR ','698.317.421-68','1113888 SSP/MS','1981-03-15','','','','','','','','','PEGAR ENDEREÇO','0','PEGAR ENDREÇO','99611-7901','','','','AFASTADO','','','','R$ 0,00'),(163,'2021-11-11',0,'','GOLEIRO','ANDRÉ LUIZ MOELMANN','1298448107','1834438','1985-03-14','','','','','','','','','','','','01566 99691-585','','','','ATIVO','','','','R$ 0,00'),(162,'2019-04-01',0,'','','ANDERSON ARQUERO DE SOUZA','015.062.161-29','1340969 SSP/MS','1985-09-15','','','','','','','','','PEGAR ENDEREÇO','0','PEGAR ENDREÇO','99953-9658','','','','EXCLUIDO','','','','R$ 0,00'),(161,'2020-02-24',0,'','','ANDERSON ARG. SOUZA ','000.000.000-00','0','1970-01-01','','','','','','','','','PEGAR DADOS','0','PEGAR DADOS','','','','','DESISTENTE','','','','R$ 300,00'),(160,'2016-03-01',0,'','','ALLAN JOHNNY DE OLIVEIRA SANTOS','725.122.021-00','1066793 SSP/MS','1981-09-22','','','','','','','','','PEGAR ENDEREÇO','0','PEGAR ENDREÇO','99104-2834','','','','ATIVO','','','','R$ 0,00'),(159,'2020-02-22',0,'','','ALEXISSANDRO NASCIMENTO DOS SANTOS','045.334.561-11','1840408','1984-01-18','','','','','','','','','CHACARA','0','CHACARA','(67) 99964-6350','','','','EXCLUIDO','','','FICOU DEVENDO 400,00 DE JOIAS MAIS MENSALIDAES, ONDE VALOR ULTRAPASSA O VALOR DA JOIA DA ASSOCIAÇÃO.','R$ 600,00'),(158,'2005-06-24',0,'','DEDÉ','ALDERI DIAS DO CARMO ','433.646.759-53','30732316 SSP/GO','1961-10-10','','','','','','','','','TRAVASSA MARIO SILVA','14','CENTRO VELHO','9961-6543','','','','EXCLUIDO','','','','R$ 0,00'),(157,'2009-05-31',0,'','RONALDINHO','AILTON JOSÉ DA CRUZ ','637.886.321-00','000407308/MS','1975-07-31','','','','','','','','','JOAQUIM LINO VIEIRA','2186','P.ESTORIL','998042834','','','','ATIVO','','','','R$ 0,00'),(156,'2005-06-24',0,'','','AGABITO MARTINS','249.551.081-72','040722 SSP/MS','1960-08-14','','','','','','','','','AV. AURELIANO MOURA BRANDÃO','0','CENTRO','9659-7604','','','','AFASTADO','','','','R$ 0,00'),(154,'2021-09-02',0,'','DININHO','ADENIR ALMEIDA CORREA','554.992.281-91','','1970-01-01','','','','','','','','','','','','67 99611-5355','','','','ATIVO','','','',''),(155,'2020-02-24',0,'','','ADRIANO S. NASCIMENTO','000.000.000-00','0','1970-01-01','','','','','','','','','PEGAR DADOS','0','PEGAR DADOS','','','','','DESISTENTE','','','','R$ 450,00'),(153,'2005-06-28',0,'','','ADEMIR LUIZ GUARDA','025.663.899-34','951035 SSP/PR','1949-10-29','','','','','','','','','JOAQUIM FRANCISCO LOPES','2210','CENTRO ','9961-6095','','','','ATIVO','','','','R$ 0,00'),(272,'2019-01-01',0,'','BORRACHA','RADAMÉS DA SILVA DE JESUS','583.476.741-91','717973 SSP/MS','1975-06-23','','','','','','','','','PEGAR ENDEREÇO','0','PEGAR ENDREÇO','98409-8534','','','','ATIVO','','','','R$ 0,00'),(273,'2005-07-17',0,'','RAMÃOZINHO','RAMÃO EDSON MARTINS DAS NEVES','958.744.538-49','11711964 SSP/SP','1959-07-17','','','','','','','','','AV JESUINO ALVARES DE BARROS','1855','JR OURO VERDE','3238-1799 ','','','','ATIVO','','','','R$ 0,00'),(274,'2021-01-02',0,'','','RICARDO PLACIDO DE OLIVEIRA','024.163.841-04','1091077  SSP /M','1987-12-12','','','','','','','','','WALTER GODOY','1332','P.ESTORIL','67 99917 5880','','','','ATIVO','','','','R$ 600,00'),(275,'2005-07-18',0,'','','ROBERTO DOS SANTOS ','518.838.641-00','001091081 SSP/P','1971-03-12','','','','','','','','','JOSÉ RICARTES DE OLIVEIRA','176','JR DOS TRABALHADORES','9602-2764','','','','AFASTADO','','','','R$ 0,00'),(276,'2005-08-06',0,'','ROBERTINHO','ROBERTO JOSÉ DA SILVA ','609.546.711-04','802450 SSP/MS','1973-07-04','','','','','','','','','FELICIANA MARIA FRANCISCA','1075','P.ESTORIL','9953-4532 ','','','','ATIVO','','','','R$ 0,00'),(277,'2019-02-12',0,'','BETINHO','ROBERTO OLIVEIRA DE ALMEIDA','257.495.361-49','0','1959-02-22','','','','','','','','','FRANCISCO MARTINS PANIAGO','2044','P.ESTORIL','(67) 99227-8814','','','','ATIVO','','','','R$ 0,00'),(278,'2021-03-10',0,'','','RODRIGO QUELUZ DA SILVA','034.392.951-17','1646758','1989-05-25','','','','','','','','','SALOSTIANO DE MORAES','101','JABUR','67 99952-4753','','','','ATIVO','','','','R$ 600,00'),(279,'2021-11-25',0,'','','RONEI BENTO COUTINHO','','','1970-01-01','','','','','','','','','','','','','','','','ATIVO','','','',''),(280,'2005-08-03',0,'','TUTI','ROSANGELO CUEVA ','025.539-961-55','1440817 SSP/MS','1978-12-14','','','','','','','','','JOÃO BARBOSA DE OLIVEIRA','1305','JR DAS PALMEIRAS','9221-3072 ','','','','ATIVO','','','','R$ 0,00'),(281,'2021-08-02',0,'','','SAMUEL BECH DE OLIVEIRA','799.691.861-91','766302 MS','1979-11-03','','','','','','','','','RACHID ABES','1893','V. ALEGRE','67 99909-2894','','','','ATIVO','','','','R$ 1.000,00'),(282,'2005-07-19',0,'','TIÃO','SEBASTIÃO FELICIANO','608.429.111.20','556632 SSP/MS','1966-11-06','','','','','','','','','AV. SENADOR FILINTO MULHER','1313','JABUR','9685-5007','','','','ATIVO','','','','R$ 0,00'),(283,'2005-07-20',0,'','BETO','SERGIO BALDEZ DA SILVA ','615.254.641-92','735291 SSP/MS','1973-08-09','','','','','','','','','FRANCISCO TEODORO DE SOUZA','374','V.ALEGRE','9608-5997','','','','ATIVO','','','','R$ 0,00'),(284,'2005-05-01',0,'','','SÉRGIO JOSÉ DE LIMA ','108.999.871-68','030630 SSP/MS','1955-02-15','','','','','','','','','PEGAR ENDEREÇO','0','PEGAR ENDREÇO','99961-6187','','','','ATIVO','','','','R$ 0,00'),(285,'2017-11-01',0,'','NEY','SIDINEI PEREIRA DA SILVA ','634.987.589-34','4.516.412-8 SSP','1969-11-25','','','','','','','','','VALTER GODOY NÚMERO ','2196','P.ESTORIL','99964-5796','','','','ATIVO','','','','R$ 0,00'),(286,'2005-07-28',0,'','PRETO','SIDNEI ALCANTARA','069.714.468-28','20650149 SSP/SP','1968-04-02','','','','','','','','','JOSÉ RICARTES DE OLIVEIRA','629','CENTRO','9896-2586','','','','AFASTADO','','','21/09/2021. Pediu afastamento por motivos de saude, deixou tudo em dia.','0'),(287,'2017-05-04',0,'','','SILVANO VICENTE MARTINS','856.253.701-25','982281 SSP/MS','1977-05-07','','','','','','','','',' AV JESUINO ALVARES DE BARROS ','2049','S.FRANCISCO','999057897','','','','ATIVO','','','','R$ 0,00'),(288,'2020-11-26',0,'','','SIMAR DE OLIVEIRA MARQUES','997.099.961-34','920098','1984-04-22','','','','','','','','','JOSE THIAGO PONTES','1996','P.ESTORIL','67 99644 2803','','','','ATIVO','','','','R$ 600,00'),(289,'2021-08-02',0,'','','VALDINEI DA SILVA','998.237.991-72','1041000','1982-04-17','','','','','','','','','JOAQUIM FRANCISCO LOPES','2246','CENTRO','67 99952-3631','','','','DESISTENTE','','','','R$ 0,00'),(290,'2005-07-23',0,'','CASA GRANDE','VALDIR ARTIGAS ORRICO ','208.042.851-53','185230 SSP/MS','1960-04-06','','','','','','','','','RUA DO FADO','1844','P.ESTORIL','8157-4221 ','','','','AFASTADO','','','','R$ 0,00'),(291,'2005-07-21',0,'','MIRO','VALDOMIRO TAVEIRA MESSIAS DE PAULA','298.485.631-72','416964 SSP/MS','1963-01-17','','','','','','','','','DELMINDA COELHO','210','CENTRO','9615-3969','','','','ATIVO','','','','0'),(292,'2019-04-01',0,'','GOLEIRO','VALTER CLAUDINO DA SILVA ','911.618.511-00','000757266 SSP/M','1976-07-29','','','','','','','','','PEGAR ENDEREÇO','0','PEGAR ENDREÇO','','','','','ATIVO','','','','R$ 0,00'),(293,'2019-07-12',0,'','TATU','VANDER LUIZ ALMEIDA','','0','1970-01-01','','','','','','','','','PEGAR DADOS','0','PEGAR DADOS','','','','','EXCLUIDO','','','','R$ 300,00'),(294,'2020-02-08',0,'','','VANDERLEY MOTAS DE ARAUJO','010.136.64-183','0','1970-12-19','','','','','','','','','WALTER GODOY','2257','P.ESTORIL','67 9845 10708','','','','EXCLUIDO','','','29/11/2021, PAGOU ATÉ MÊS  05/2021.','R$ 600,00'),(295,'2002-05-02',0,'','CODORNA','VANDERSON L. DE OLIVEIRA','616.841.981-00','11033494 SSP/MS','1977-05-10','','','','','','','','','PEGAR DADOS','0','PEGAR DADOS','67 98434-3209','','','','EXCLUIDO','','','30/09/2021. EXCLUIDO POR FALTA DE PAGAMENTO DAS MENSALIDADES. FOI PAGO ATÉ MÊS 01/2021.','R$ 400,00'),(296,'2020-02-22',0,'','FININHO','WAGNER RIBEIRO','962.745.651-91','1305567','1982-10-08','','','','','','','','','ANINCETA RODRIGUES','1788','V.ALEGRE ','(67) 99342-5812','','','','EXCLUIDO','','','28/07/2021 .EXCLUIDO DEVIDO DEBITOS DE 195,00 DE JÓIA E MAIS 6 MÊSES DE MENSALIDADES DE 35,00','R$ 600,00'),(297,'2005-07-22',0,'','DECI','WALDECIR ALVES ','892.387.371-34','000406521 SSP/M','1975-01-15','','','','','','','','','MARIA SABIO ABES','140','CENTRO VELHO','9976-9706','','','','AFASTADO','','','','R$ 0,00'),(298,'2020-02-12',0,'','KÓY','WANDERSON LEITE NEVES','','1','1987-09-11','','','','','','','','','JESUINO ALVARES DE BARROS','1855','OURO VERDE','','','','','ATIVO','','','','R$ 0,00'),(299,'2021-02-11',0,'','DEDI','WEDER GARCIA ARANTES','351.623.548-99','','1987-12-20','','','','','','','','','JOÃO FONTE BASE','2154','P.ESTORIL','67993065650','','','','ATIVO','','','','R$ 600,00'),(300,'2005-07-24',0,'','COMPADRE','WELITON QUELUZ DURAND ','870.687.101-15','10110098 SSP/MS','1980-11-10','','','','','','','','','JOÃO JACINDO GARCIA','223','BOA VISTA','9817-1261','','','','ATIVO','','','','R$ 0,00'),(301,'2018-07-05',0,'','CULINO','WEVERTON CORREA GUEDES','008.835.001-08','001389012 SSP/M','1988-08-28','','','','','','','','','MARIA ALREA DALL BELLO CAZAT','0','N.ESPERANÇA','99196-9867','','','','AFASTADO','','','Pagou até mês 06/2021 e pediu afastamento em 09/08/2021 por motivo de saude','0');
/*!40000 ALTER TABLE `socios` ENABLE KEYS */;
UNLOCK TABLES;
/*!40103 SET TIME_ZONE=@OLD_TIME_ZONE */;

/*!40101 SET SQL_MODE=@OLD_SQL_MODE */;
/*!40014 SET FOREIGN_KEY_CHECKS=@OLD_FOREIGN_KEY_CHECKS */;
/*!40014 SET UNIQUE_CHECKS=@OLD_UNIQUE_CHECKS */;
/*!40101 SET CHARACTER_SET_CLIENT=@OLD_CHARACTER_SET_CLIENT */;
/*!40101 SET CHARACTER_SET_RESULTS=@OLD_CHARACTER_SET_RESULTS */;
/*!40101 SET COLLATION_CONNECTION=@OLD_COLLATION_CONNECTION */;
/*!40111 SET SQL_NOTES=@OLD_SQL_NOTES */;

-- Dump completed on 2023-10-11 10:52:22
